rspo,school_name,year,missing_subjects,n_polski,median_polski,mean_polski,n_matematyka,median_matematyka,mean_matematyka,n_angielski,median_angielski,mean_angielski
38643,PUBLICZNA SZKOŁA PODSTAWOWA SPECJALNA,2021,"polski, matematyka, angielski",8.0,,,8.0,,,8.0,,
86863,OGÓLNOKSZTAŁCACA SZKOŁA MUZYCZNA I STOPNIA W ZESPOLE SZKÓŁ MUZYCZNYCH IM. OSKARA KOLBERGA,2021,"polski, matematyka, angielski",8.0,,,8.0,,,8.0,,
131791,SZKOŁA PODSTAWOWA PARTNER INTERNATIONAL PRIMARY SCHOOL Z ODDZIAŁAMI DWUJĘZYCZNYMI IM. MARII MONTESSORI,2021,"polski, matematyka, angielski",7.0,,,7.0,,,5.0,,
262331,"NIEPUBLICZNA SZKOŁA PODSTAWOWA Z ODDZIAŁAMI PRZYSPOSABIAJĄCYMI DO PRACY ""PROFESJA"" OŚRODKA KSZTAŁCENIA ZAWODOWEGO W RADOMIU",2021,"polski, matematyka, angielski",9.0,,,9.0,,,9.0,,
70020,SPOŁECZNA SZKOŁA PODSTAWOWA SPOŁECZNEGO TOWARZYSTWA OŚWIATOWEGO W SIEDLCACH,2021,"polski, matematyka, angielski",5.0,,,5.0,,,5.0,,
25033,INTERNATIONAL AMERICAN SCHOOL SP. Z O.O. AMERYKAŃSKA SZKOŁA PODSTAWOWA NIEPUBLICZNA NR 44,2021,"polski, matematyka, angielski",2.0,,,2.0,,,2.0,,
29950,SZKOŁA PODSTAWOWA NIEPUBLICZNA KOLEGIUM ŚW. STANISŁAWA KOSTKI,2021,"polski, matematyka, angielski",2.0,,,2.0,,,8.0,,
31707,"SZKOŁA PODSTAWOWA NIEPUBLICZNA NR 90 ""SZKOŁA RODZINNA""",2021,"polski, matematyka, angielski",4.0,,,4.0,,,5.0,,
34229,PRYWATNA SZKOŁA PODSTAWOWA NR 114,2021,"polski, matematyka, angielski",9.0,,,9.0,,,8.0,,
52987,CHRZEŚCIJAŃSKA SZKOŁA PODSTAWOWA SAMUEL,2021,"polski, matematyka",9.0,,,9.0,,,11.0,91.0,82.45454545454545
52998,POLSKO-NIEMIECKA SZKOŁA SPOTKAŃ I DIALOGU IM. WILLY'EGO BRANDTA W WARSZAWIE - SZKOŁA PODSTAWOWA,2021,angielski,13.0,69.0,68.0,13.0,48.0,48.92307692307692,5.0,,
53015,"NIEPUBLICZNA SZKOŁA PODSTAWOWA ""INTERNATIONAL TRILINGUAL SCHOOL OF WARSAW""",2021,"polski, matematyka, angielski",2.0,,,2.0,,,1.0,,
53017,ACADEMY INTERNATIONAL KAROLKOWA 49 NIEPUBLICZNA SZKOŁA PODSTAWOWA Z ODDZIAŁAMI DWUJĘZYCZNYMI NR 81,2021,"polski, matematyka, angielski",9.0,,,9.0,,,9.0,,
53020,SZKOŁA PODSTAWOWA CHOCIMSKA,2021,"polski, matematyka, angielski",7.0,,,7.0,,,7.0,,
53028,NIEPUBLICZNA SZKOŁA PODSTAWOWA GAUDEAMUS,2021,"polski, matematyka, angielski",8.0,,,8.0,,,8.0,,
80253,"""WONDERFUL YEARS SCHOOL"" PRYWATNA SZKOŁA PODSTAWOWA",2021,"polski, matematyka, angielski",8.0,,,8.0,,,9.0,,
103582,OGÓLNOKSZTAŁCĄCA SZKOŁA MUZYCZNA I ST. W WARSZAWIE,2021,"polski, matematyka, angielski",3.0,,,3.0,,,3.0,,
104258,PAŃSTWOWA OGÓLNOKSZTAŁCĄCA SZKOŁA MUZYCZNA I ST. IM. GRAŻYNY BACEWICZ W WARSZAWIE,2021,"polski, matematyka, angielski",2.0,,,2.0,,,2.0,,
105293,SZKOŁA PODSTAWOWA SPECJALNA NR 39,2021,"polski, matematyka, angielski",8.0,,,8.0,,,8.0,,
105405,SZKOŁA PODSTAWOWA SPECJALNA NR 287 W SAMODZIELNYM PUBLICZNYM DZIECIĘCYM SZPITALU KLINICZNYM,2021,"polski, matematyka, angielski",1.0,,,1.0,,,1.0,,
105686,SZKOŁA PODSTAWOWA SPECJALNA NR 291,2021,"polski, matematyka, angielski",6.0,,,6.0,,,6.0,,
106323,SZKOŁA PODSTAWOWA SPECJALNA NR 347 W MŁODZIEŻOWYM OŚRODKU SOCJOTERAPII NR 4 W ZESPOLE PLACÓWEK OPIEKUŃCZO-WYCHOWAWCZYCH,2021,"polski, matematyka, angielski",8.0,,,8.0,,,7.0,,
114664,SZKOŁA PODSTAWOWA AKADEMIA DOBREJ EDUKACJI IM. GEN. JÓZEFA SOWIŃSKIEGO,2021,"polski, matematyka, angielski",7.0,,,7.0,,,7.0,,
118680,SZKOŁA PODSTAWOWA HELIANTUS,2021,"polski, matematyka, angielski",6.0,,,6.0,,,6.0,,
121724,MIĘDZYNARODOWA SZKOŁA MONTESSORI W WARSZAWIE,2021,"polski, matematyka, angielski",9.0,,,9.0,,,9.0,,
124012,"NIEPUBLICZNA POLSKO-ANGIELSKA SZKOŁA PODSTAWOWA ""VANCOUVER SCHOOLS""",2021,"polski, matematyka, angielski",3.0,,,3.0,,,3.0,,
125191,SZKOŁA PODSTAWOWA NR 235 W ZAKŁADZIE POPRAWCZYM I SCHRONISKU DLA NIELETNICH W WARSZAWIE-FALENICY,2021,"polski, matematyka, angielski",4.0,,,4.0,,,4.0,,
127832,NOWATORSKA SZKOŁA PODSTAWOWA,2021,"polski, matematyka, angielski",1.0,,,1.0,,,1.0,,
128471,NIEPUBLICZNA SZKOŁA PODSTAWOWA,2021,"polski, matematyka, angielski",1.0,,,1.0,,,1.0,,
128501,SZKOŁA PODSTAWOWA HLONDA 12,2021,"polski, matematyka, angielski",3.0,,,3.0,,,5.0,,
129719,SZKOŁA PODSTAWOWA MIKROSZKOŁA WŁOCHY,2021,"polski, matematyka, angielski",1.0,,,1.0,,,1.0,,
131706,"SZKOŁA PODSTAWOWA ""SZKOŁA W CHMURZE""",2021,"polski, matematyka, angielski",5.0,,,5.0,,,5.0,,
133572,NIEPUBLICZNA SZKOŁA PODSTAWOWA WYSPA JP2,2021,"polski, matematyka, angielski",6.0,,,6.0,,,6.0,,
196263,"SZKOŁA PODSTAWOWA SPECJALNA NR 393 W MŁODZIEŻOWYM OŚRODKU SOCJOTERAPII NR 2 ""KĄT""",2021,angielski,11.0,31.0,38.0,10.0,22.0,29.2,9.0,,
262848,NIEPUBLICZNA SZKOŁA PODSTAWOWA NR 38 Z ODDZIAŁAMI INTEGRACYJNYMI IM. IRENY SENDLEROWEJ,2021,"polski, matematyka, angielski",8.0,,,8.0,,,8.0,,
268015,SZKOŁA PODSTAWOWA RONJA,2021,"polski, matematyka, angielski",9.0,,,9.0,,,9.0,,
272093,SZKOŁA PODSTAWOWA EDUVENTURA,2021,"polski, matematyka, angielski",5.0,,,5.0,,,5.0,,
273293,WARSZAWSKA AKADEMICKA SZKOŁA PODSTAWOWA,2021,"polski, matematyka, angielski",2.0,,,1.0,,,1.0,,
26129,PUBLICZNA SZKOŁA PODSTAWOWA IM. MARII KONOPNICKIEJ W OLKOWICACH,2021,"polski, matematyka, angielski",8.0,,,8.0,,,8.0,,
7705,PUBLICZNA SZKOŁA PODSTAWOWA IM. ARMII KRAJOWEJ W BOŻEM,2021,"polski, matematyka, angielski",7.0,,,7.0,,,7.0,,
9145,PUBLICZNA SZKOŁA PODSTAWOWA IM. ŚW JANA PAWŁA II W BOBRKU,2021,"polski, matematyka, angielski",6.0,,,6.0,,,6.0,,
9146,PUBLICZNA SZKOŁA PODSTAWOWA IM. KS. KAZIMIERZA KNIEDZIAŁOWSKIEGO W DOBIESZYNIE,2021,"polski, matematyka, angielski",7.0,,,7.0,,,7.0,,
62364,PUBLICZNA SZKOŁA PODSTAWOWA W KOSTRZYNIU,2021,"polski, matematyka, angielski",8.0,,,8.0,,,8.0,,
7966,NIEPUBLICZNA SZKOŁA PODSTAWOWA W GORYSZACH,2021,"polski, matematyka, angielski",7.0,,,7.0,,,7.0,,
24396,SZKOŁA PODSTAWOWA W CHOTUMIU,2021,"polski, matematyka, angielski",7.0,,,7.0,,,7.0,,
12051,SZKOŁA PODSTAWOWA W WOLI MŁOCKIEJ,2021,"polski, matematyka, angielski",5.0,,,5.0,,,5.0,,
44647,SZKOŁA PODSTAWOWA W HUMIĘCINIE,2021,"polski, matematyka, angielski",6.0,,,6.0,,,6.0,,
3888,SZKOŁA PODSTAWOWA IM. WACŁAWA KOZIŃSKIEGO W KRASZEWIE,2021,"polski, matematyka, angielski",6.0,,,6.0,,,6.0,,
74875,SZKOŁA PODSTAWOWA IM. MARII KONOPNICKIEJ W KOŁACZKOWIE,2021,"polski, matematyka, angielski",9.0,,,9.0,,,9.0,,
23609,SZKOŁA PODSTAWOWA IM.ZYGMUNTA PADLEWSKIEGO W ZEŃBOKU,2021,"polski, matematyka, angielski",8.0,,,8.0,,,8.0,,
83501,SPOŁECZNA SZKOŁA PODSTAWOWA W KAŁĘCZYNIE,2021,"polski, matematyka, angielski",3.0,,,3.0,,,3.0,,
263530,SZKOŁA PODSTAWOWA SPECJALNA W MŁODZIEŻOWYM OŚRODKU SOCJOTERAPII,2021,angielski,11.0,24.0,24.727272727272727,11.0,16.0,17.818181818181817,5.0,,
263535,SZKOŁA PODSTAWOWA SPECJALNA W MŁODZIEŻOWYM OŚRODKU WYCHOWAWCZYM W GOŁOTCZYŹNIE,2021,"polski, matematyka, angielski",6.0,,,6.0,,,3.0,,
27553,PUBLICZNA SZKOŁA PODSTAWOWA W IWOWEM,2021,"polski, matematyka, angielski",4.0,,,4.0,,,4.0,,
74367,SZKOŁA PODSTAWOWA SPECJALNA NR 2 W ZESPOLE SZKÓŁ SPECJALNYCH NR 2 W GARWOLINIE,2021,"polski, matematyka, angielski",3.0,,,3.0,,,3.0,,
264914,NIEPUBLICZNA SZKOŁA PODSTAWOWA Z ODDZIAŁAMI PRZYSPOSABIAJĄCYMI DO PRACY,2021,"polski, matematyka, angielski",6.0,,,4.0,,,3.0,,
49720,SZKOŁA PODSTAWOWA W WOLI WŁADYSŁAWOWSKIEJ,2021,"polski, matematyka, angielski",7.0,,,7.0,,,7.0,,
50844,PUBLICZNA SZKOŁA PODSTAWOWA IM. MARII KONOPNICKIEJ W ŁĄKACH,2021,"polski, matematyka, angielski",4.0,,,4.0,,,4.0,,
50846,PUBLICZNA SZKOŁA PODSTAWOWA IM. MARII KOWNACKIEJ W SAMORZĄDKACH,2021,"polski, matematyka, angielski",6.0,,,6.0,,,6.0,,
22670,PUBLICZNA SZKOŁA PODSTAWOWA W ORONNEM,2021,"polski, matematyka, angielski",6.0,,,6.0,,,6.0,,
23092,PUBLICZNA SZKOŁA PODSTAWOWA W ANTONIÓWCE ŚWIERŻOWSKIEJ,2021,"polski, matematyka, angielski",6.0,,,6.0,,,6.0,,
9850,PUBLICZNA SZKOŁA PODSTAWOWA IM. MARII KOWNACKIEJ W ZWOLI,2021,"polski, matematyka, angielski",4.0,,,4.0,,,4.0,,
64768,PUBLICZNA SZKOŁA PODSTAWOWA,2021,"polski, matematyka, angielski",2.0,,,2.0,,,2.0,,
64774,PUBLICZNA SZKOŁA PODSTAWOWA W SOKOLE,2021,"polski, matematyka, angielski",8.0,,,8.0,,,8.0,,
88627,PUBLICZNA SZKOŁA PODSTAWOWA W ANIELOWIE,2021,"polski, matematyka, angielski",2.0,,,2.0,,,2.0,,
124655,NIEPUBLICZNA SZKOŁA PODSTAWOWA KUŹNIA TALENTÓW W CHOTYNI,2021,"polski, matematyka, angielski",8.0,,,8.0,,,8.0,,
88520,SZKOŁA PODSTAWOWA IM. DAWNYCH SŁOWIAN W PODEBŁOCIU Z FILIĄ W WIĘCKOWIE,2021,"polski, matematyka, angielski",7.0,,,7.0,,,7.0,,
30397,PUBLICZNA SZKOŁA PODSTAWOWA W ŻABIEŃCU,2021,"polski, matematyka, angielski",4.0,,,4.0,,,4.0,,
31103,PUBLICZNA SZKOŁA PODSTAWOWA IM. O. STANISŁAWA PAPCZYŃSKIEGO W MARIAŃSKIM PORZECZU,2021,"polski, matematyka, angielski",6.0,,,6.0,,,6.0,,
60705,PUBLICZNA SZKOŁA PODSTAWOWA W KRZYWDZIE IM.ORŁA BIAŁEGO,2021,"polski, matematyka, angielski",7.0,,,7.0,,,6.0,,
82484,SZKOŁA PODSTAWOWA IM.KS.JANA TWARDOWSKIEGO W STARYM GONIWILKU,2021,"polski, matematyka, angielski",6.0,,,6.0,,,6.0,,
83315,SZKOŁA PODSTAWOWA W WOLI ŻELECHOWSKIEJ,2021,"polski, matematyka, angielski",3.0,,,3.0,,,3.0,,
90601,SZKOŁA PODSTAWOWA IM. TADEUSZA KOŚCIUSZKI W STEFANOWIE,2021,"polski, matematyka, angielski",9.0,,,9.0,,,6.0,,
60148,SZKOŁA PODSTAWOWA W TEODOROWIE,2021,"polski, matematyka, angielski",9.0,,,9.0,,,9.0,,
60374,SZKOŁA PODSTAWOWA IM. MARII KOWNACKIEJ W SOKOŁOWIE,2021,"polski, matematyka, angielski",9.0,,,9.0,,,9.0,,
121867,SZKOŁA PODSTAWOWA IM. MARII KONOPNICKIEJ W GOLACH,2021,"polski, matematyka, angielski",4.0,,,4.0,,,4.0,,
52721,NIEPUBLICZNA SZKOŁA PODSTAWOWA STIF,2021,"polski, matematyka, angielski",9.0,,,9.0,,,9.0,,
4472,SZKOŁA PODSTAWOWA IM. KLEMENTYNY Z TAŃSKICH HOFFMANOWEJ W IZDEBNIE KOŚCIELNYM,2021,"polski, matematyka, angielski",8.0,,,8.0,,,8.0,,
268509,TENISOWA SZKOŁA PODSTAWOWA,2021,"polski, matematyka, angielski",5.0,,,5.0,,,4.0,,
58207,INTEGRACYJNA SPOŁECZNA SZKOŁA PODSTAWOWA NR 18 IM. GEN. BRYG. AUGUSTA EMILA FIELDORFA,2021,polski,9.0,,,10.0,48.0,49.6,10.0,83.5,80.3
7605,SZKOŁA PODSTAWOWA IM. MARII KOWNACKIEJ W SKUŁACH,2021,"polski, matematyka, angielski",8.0,,,8.0,,,8.0,,
83954,PUBLICZNA SZKOŁA PODSTAWOWA IM. ZIEMI GRÓJECKIEJ W ZABOROWIE,2021,"polski, matematyka, angielski",7.0,,,7.0,,,6.0,,
91956,PUBLICZNA SZKOŁA PODSTAWOWA IM. UNICEF W LEWICZYNIE,2021,"polski, matematyka, angielski",5.0,,,5.0,,,5.0,,
103472,PUBLICZNA SZKOŁA PODSTAWOWA IM. ROMUALDA TRAUGUTTA W ŁĘCZESZYCACH,2021,angielski,10.0,60.0,63.4,10.0,76.0,74.4,9.0,,
105736,PUBLICZNA SZKOŁA PODSTAWOWA IM. 11 LISTOPADA 1918R. W GOŁOSZACH,2021,"polski, matematyka, angielski",8.0,,,8.0,,,5.0,,
66473,PUBLICZNA SZKOŁA PODSTAWOWA IM. KAWALERÓW ORDERU UŚMIECHU W BUDZISZYNKU,2021,"polski, matematyka, angielski",6.0,,,6.0,,,6.0,,
66474,PUBLICZNA SZKOŁA PODSTAWOWA IM. JANA PAWŁA II W MACHCINIE,2021,"polski, matematyka, angielski",4.0,,,4.0,,,4.0,,
66475,PUBLICZNA SZKOŁA PODSTAWOWA IM. MARII KONOPNICKIEJ W PIECZYSKACH,2021,"polski, matematyka, angielski",5.0,,,5.0,,,5.0,,
66479,PUBLICZNA SZKOŁA PODSTAWOWA IM. POETÓW POLSKICH W ZALESIU,2021,"polski, matematyka, angielski",9.0,,,9.0,,,9.0,,
47665,PUBLICZNA SZKOŁA PODSTAWOWA W SIELCU,2021,"polski, matematyka, angielski",9.0,,,9.0,,,8.0,,
272999,NIEPUBLICZNA ZAOCZNA SZKOŁA PODSTAWOWA DLA DOROSŁYCH W GRÓJCU,2021,"polski, matematyka, angielski",3.0,,,3.0,,,,,
55921,PUBLICZNA SZKOŁA PODSTAWOWA W CZĘSTONIEWIE,2021,"polski, matematyka, angielski",5.0,,,5.0,,,5.0,,
55924,PUBLICZNA SZKOŁA PODSTAWOWA W BIKÓWKU,2021,"polski, matematyka, angielski",7.0,,,7.0,,,7.0,,
16655,PUBLICZNA SZKOŁA PODSTAWOWA IM.KSIĘDZA CZESŁAWA SADŁOWSKIEGO W ZBROSZY DUŻEJ,2021,"polski, matematyka, angielski",9.0,,,8.0,,,9.0,,
24340,PUBLICZNA SZKOŁA PODSTAWOWA W BOROWEM,2021,"polski, matematyka, angielski",6.0,,,6.0,,,5.0,,
24642,NIEPUBLICZNA SZKOŁA PODSTAWOWA W KOZIETUŁACH,2021,"polski, matematyka, angielski",3.0,,,3.0,,,2.0,,
89385,PUBLICZNA SZKOŁA PODSTAWOWA W MICHAŁOWICACH,2021,"polski, matematyka, angielski",5.0,,,5.0,,,5.0,,
87434,PUBLICZNA SZKOŁA PODSTAWOWA W ŻDŻARACH,2021,"polski, matematyka, angielski",6.0,,,6.0,,,6.0,,
84240,PUBLICZNA SZKOŁA PODSTAWOWA IM. GENERAŁA FRANCISZKA KAMIŃSKIEGO W CIECHLINIE,2021,"polski, matematyka, angielski",8.0,,,8.0,,,8.0,,
84242,PUBLICZNA SZKOŁA PODSTAWOWA IM. O. KAZIMIERZA WYSZYŃSKIEGO W JEZIORZE,2021,"polski, matematyka, angielski",8.0,,,8.0,,,7.0,,
84244,PUBLICZNA SZKOŁA PODSTAWOWA IM. ŚW. MAKSYMILIANA MARII KOLBEGO W KAROLEWIE,2021,angielski,10.0,72.0,72.2,10.0,48.0,51.6,8.0,,
82658,PUBLICZNA SZKOŁA PODSTAWOWA IM. STEFANA CZARNIECKIEGO W OSTROŁĘCE,2021,"polski, matematyka, angielski",9.0,,,9.0,,,9.0,,
74578,PUBLICZNA SZKOŁA PODSTAWOWA W BOGUCINIE,2021,"polski, matematyka, angielski",4.0,,,4.0,,,4.0,,
85316,PUBLICZNA SZKOŁA PODSTAWOWA W WYSOKIM KOLE,2021,"polski, matematyka, angielski",7.0,,,7.0,,,7.0,,
24145,SZKOŁA PODSTAWOWA IM. 76 PUŁKU PIECHOTY,2021,"polski, matematyka, angielski",8.0,,,8.0,,,8.0,,
9284,PUBLICZNA SZKOŁA PODSTAWOWA W CECYLÓWCE-BRZÓZKIEJ,2021,"polski, matematyka, angielski",5.0,,,5.0,,,5.0,,
62361,PUBLICZNA SZKOŁA PODSTAWOWA IM. BAT.CHŁOPSKICH W URSYNOWIE,2021,"polski, matematyka, angielski",6.0,,,6.0,,,6.0,,
263884,NIEPUBLICZNA SZKOŁA PODSTAWOWA DLA DOROSŁYCH W KOZIENICACH,2021,"polski, matematyka, angielski",6.0,,,6.0,,,6.0,,
5896,PUBLICZNA SZKOŁA PODSTAWOWA IM. STEFANA CZARNIECKIEGO W WOLI CHODKOWSKIEJ,2021,"polski, matematyka, angielski",5.0,,,5.0,,,5.0,,
5897,PUBLICZNA SZKOŁA PODSTAWOWA W WÓLCE TYRZYŃSKIEJ,2021,"polski, matematyka, angielski",9.0,,,9.0,,,9.0,,
5898,PUBLICZNA SZKOŁA PODSTAWOWA W BRZEŹNICY,2021,"polski, matematyka, angielski",6.0,,,6.0,,,6.0,,
5899,PUBLICZNA SZKOŁA PODSTAWOWA W STANISŁAWICACH,2021,"polski, matematyka, angielski",7.0,,,7.0,,,7.0,,
75774,PUBLICZNA SZKOŁA PODSTAWOWA IM CHOR.JANA SZYMAŃSKIEGO W RYCZYWOLE,2021,"polski, matematyka, angielski",8.0,,,8.0,,,8.0,,
17385,SZKOŁA PODSTAWOWA W CHMIELEWIE,2021,"polski, matematyka, angielski",6.0,,,6.0,,,6.0,,
86157,SZKOŁA PODSTAWOWA W PRZYDWORZYCACH,2021,"polski, matematyka, angielski",7.0,,,7.0,,,7.0,,
262698,SZKOŁA PODSTAWOWA W MNISZEWIE,2021,"polski, matematyka, angielski",4.0,,,4.0,,,4.0,,
89381,PUBLICZNA SZKOŁA PODSTAWOWA W STARYCH SŁOWIKACH,2021,"polski, matematyka, angielski",6.0,,,6.0,,,6.0,,
131696,SZKOŁA PODSTAWOWA AKADEMIA DOBREJ EDUKACJI W JABŁONNIE,2021,"polski, matematyka, angielski",7.0,,,7.0,,,7.0,,
273797,"NIEPUBLICZNA SZKOŁA PODSTAWOWA ""MODELOWA SZKOŁA""",2021,"polski, matematyka, angielski",6.0,,,6.0,,,6.0,,
8524,SZKOŁA PODSTAWOWA IM. JÓZEFA WYBICKIEGO W JANÓWKU,2021,angielski,10.0,47.5,44.5,10.0,26.0,24.0,9.0,,
54335,PUBLICZNA SZKOŁA PODSTAWOWA W BĄKOWEJ,2021,"polski, matematyka, angielski",9.0,,,9.0,,,9.0,,
114546,PUBLICZNA SZKOŁA PODSTAWOWA IM. BATALIONÓW CHŁOPSKICH W KRĘPIE KOŚCIELNEJ,2021,"polski, matematyka, angielski",6.0,,,6.0,,,6.0,,
75638,NIEPUBLICZNA SZKOŁA PODSTAWOWA Z ODDZIAŁAMI PRZEDSZKOLNYMI,2021,"polski, matematyka, angielski",8.0,,,8.0,,,8.0,,
85798,PUBLICZNA SZKOŁA PODSTAWOWA W SOLCU NAD WISŁĄ,2021,"polski, matematyka, angielski",5.0,,,5.0,,,5.0,,
51846,SZKOŁA PODSTAWOWA IM. MARII KONOPNICKIEJ W CZERWONCE,2021,"polski, matematyka, angielski",9.0,,,9.0,,,6.0,,
12448,SZKOŁA PODSTAWOWA W SZWELICACH,2021,"polski, matematyka, angielski",3.0,,,3.0,,,3.0,,
30208,SZKOŁA PODSTAWOWA IM. ŚW. STANISŁAWA KOSTKI W AMELINIE,2021,"polski, matematyka, angielski",8.0,,,8.0,,,8.0,,
3518,PUBLICZNA SZKOŁA PODSTAWOWA IM.ŚW.STANISŁAWA KOSTKI W CHODKOWIE WIELKIM,2021,"polski, matematyka, angielski",5.0,,,5.0,,,5.0,,
111945,SZKOŁA PODSTAWOWA IM. WŁADYSŁAWA STANISŁAWA REYMONTA W GĄSEWIE PODUCHOWNYM,2021,"polski, matematyka, angielski",9.0,,,9.0,,,9.0,,
9411,SZKOŁA PODSTAWOWA IM MARII KOWNACKIEJ W MLĘCINIE,2021,"polski, matematyka, angielski",8.0,,,8.0,,,8.0,,
71506,SZKOŁA PODSTAWOWA IM. SZARYCH SZEREGÓW W GÓRKACH,2021,"polski, matematyka, angielski",9.0,,,9.0,,,9.0,,
107534,SZKOŁA PODSTAWOWA W CHOBOCIE,2021,"polski, matematyka, angielski",7.0,,,7.0,,,7.0,,
85025,SZKOŁA PODSTAWOWA IM. JANA PAWŁA II W MISTOWIE,2021,"polski, matematyka, angielski",6.0,,,6.0,,,6.0,,
121498,SZKOŁA FILIALNA W DĘBEM MAŁYM SZKOŁY PODSTAWOWEJ IM. RODZINY WYLEŻYŃSKICH W WIELGOLESIE,2021,"polski, matematyka, angielski",4.0,,,4.0,,,4.0,,
111161,SZKOŁA PODSTAWOWA IM. KAROLA WOJTYŁY W HUCIE MIŃSKIEJ Z/S W CIELECHOWIŹNIE,2021,"polski, matematyka, angielski",8.0,,,8.0,,,8.0,,
60929,SZKOŁA PODSTAWOWA W GRODZISKU IM. BOHATERÓW WRZEŚNIA 1939 R.,2021,"polski, matematyka, angielski",8.0,,,8.0,,,8.0,,
83382,PUBLICZNA SZKOŁA PODSTAWOWA IM. KORNELA MAKUSZYŃSKIEGO W STAROGRODZIE,2021,"polski, matematyka, angielski",6.0,,,6.0,,,6.0,,
83629,PUBLICZNA SZKOŁA PODSTAWOWA IM.ABSOLWENTÓW SIENNICKICH SZKÓŁ PEDAGOGICZNYCH,2021,"polski, matematyka, angielski",5.0,,,5.0,,,5.0,,
119011,PRYWATNA SZKOŁA PODSTAWOWA IM. RODZINY MORACZEWSKICH,2021,"polski, matematyka, angielski",6.0,,,6.0,,,6.0,,
8977,SZKOŁA PODSTAWOWA W TURZY MAŁEJ,2021,"polski, matematyka, angielski",7.0,,,7.0,,,7.0,,
8978,SZKOŁA PODSTAWOWA W ŁOMI,2021,"polski, matematyka, angielski",6.0,,,6.0,,,6.0,,
3494,SZKOŁA PODSTAWOWA IM.RTM. WITOLDA PILECKIEGO W WYSZYNACH KOŚCIELNYCH,2021,"polski, matematyka, angielski",6.0,,,6.0,,,6.0,,
25707,SZKOŁA PODSTAWOWA W PROSZKOWIE,2021,"polski, matematyka, angielski",4.0,,,4.0,,,4.0,,
86749,SZKOŁA PODSTAWOWA W DĘBSKU,2021,"polski, matematyka, angielski",7.0,,,7.0,,,7.0,,
92597,SZKOŁA PODSTAWOWA W WINDYKACH,2021,"polski, matematyka, angielski",8.0,,,8.0,,,8.0,,
31992,SZKOŁA PODSTAWOWA W KAZUNIU NOWYM IM. 2 BRYGADY SAPERÓW,2021,"polski, matematyka, angielski",6.0,,,6.0,,,6.0,,
90166,SZKOŁA PODSTAWOWA W ŁOMNIE,2021,"polski, matematyka, angielski",8.0,,,8.0,,,8.0,,
43939,SZKOŁA PODSTAWOWA IM. FRYDERYKA CHOPINA W WOJSZCZYCACH,2021,"polski, matematyka, angielski",9.0,,,9.0,,,9.0,,
27288,SZKOŁA PODSTAWOWA W STAREJ RUSKOŁĘCE,2021,"polski, matematyka, angielski",5.0,,,5.0,,,5.0,,
89283,SZKOŁA PODSTAWOWA W TYMIANKACH-BUCIACH,2021,"polski, matematyka, angielski",4.0,,,4.0,,,4.0,,
6629,SZKOŁA PODSTAWOWA W ORLE,2021,"polski, matematyka, angielski",9.0,,,9.0,,,9.0,,
86924,SZKOŁA PODSTAWOWA IM. MARII KONOPNICKIEJ W NURZE,2021,"polski, matematyka, angielski",7.0,,,7.0,,,7.0,,
11665,PUBLICZNA SZKOŁA PODSTAWOWA IM.MARII DĄBROWSKIEJ W DUDACH,2021,"polski, matematyka, angielski",4.0,,,4.0,,,4.0,,
275377,NIEPUBLICZNA SZKOŁA PODSTAWOWA IM> RTM>WITOLDA PILECKIEGO W KOZIKACH,2021,"polski, matematyka, angielski",5.0,,,5.0,,,5.0,,
69827,PUBLICZNA SZKOŁA PODSTAWOWA IM. MARII KONOPNICKIEJ W RZĄŚNIKU WŁOŚCIAŃSKIM,2021,"polski, matematyka, angielski",9.0,,,9.0,,,9.0,,
91573,NIEPUBLICZNA SZKOŁA PODSTAWOWA W TRYNOSACH-OSIEDLE,2021,"polski, matematyka, angielski",1.0,,,1.0,,,1.0,,
60887,SZKOŁA PODSTAWOWA SIGIE IM. KAROLA ADAMIECKIEGO W CZARNOTRZEWIU,2021,"polski, matematyka, angielski",2.0,,,2.0,,,2.0,,
106699,SZKOŁA PODSTAWOWA W BAKULE-ZIOMKU,2021,"polski, matematyka, angielski",3.0,,,3.0,,,3.0,,
106701,SZKOŁA PODSTAWOWA W JASTRZĄBCE,2021,"polski, matematyka, angielski",3.0,,,3.0,,,3.0,,
106702,SZKOŁA PODSTAWOWA W WOLI BŁĘDOWSKIEJ,2021,"polski, matematyka, angielski",4.0,,,4.0,,,4.0,,
39641,SZKOŁA PODSTAWOWA IM. JANUSZA KORCZAKA W PASIEKACH,2021,"polski, matematyka, angielski",7.0,,,7.0,,,7.0,,
30257,SZKOŁA PODSTAWOWA W ZESPOLE PLACÓWEK OŚWIATOWYCH IM. PAPIEŻA JANA PAWŁA II W DYLEWIE,2021,angielski,10.0,50.0,49.3,10.0,38.0,50.8,9.0,,
43315,SZKOŁA PODSTAWOWA IM. KS.JANA TWARDOWSKIEGO W CHUDKU,2021,"polski, matematyka, angielski",9.0,,,9.0,,,9.0,,
44150,SZKOŁA PODSTAWOWA IM. KS. JERZEGO POPIEŁUSZKI W WACHU,2021,"polski, matematyka, angielski",7.0,,,7.0,,,7.0,,
118543,SZKOŁA PODSTAWOWA IM. ŚW. STANISŁAWA KOSTKI W JAZGARCE,2021,"polski, matematyka, angielski",6.0,,,6.0,,,6.0,,
118547,SZKOŁA PODSTAWOWA W CZARNI,2021,"polski, matematyka, angielski",2.0,,,2.0,,,2.0,,
72351,SZKOŁA PODSTAWOWA IM. ŚW. JANA PAWŁA II W ŁĘGU STAROŚCIŃSKIM,2021,"polski, matematyka, angielski",4.0,,,4.0,,,4.0,,
72352,SZKOŁA PODSTAWOWA W NASIADKACH,2021,"polski, matematyka, angielski",6.0,,,6.0,,,6.0,,
72355,SZKOŁA PODSTAWOWA W OLSZEWCE,2021,"polski, matematyka, angielski",4.0,,,4.0,,,4.0,,
91898,SZKOŁA PODSTAWOWA W OBIERWI,2021,"polski, matematyka, angielski",8.0,,,8.0,,,8.0,,
56191,PUBLICZNA SZKOŁA PODSTAWOWA SIGIE IM KAROLA ADAMIECKIEGO W PEŁTACH,2021,"polski, matematyka, angielski",2.0,,,2.0,,,1.0,,
74076,PUBLICZNA SZKOŁA PODSTAWOWA IM. ARMII KRAJOWEJ W KRYSIAKACH,2021,"polski, matematyka, angielski",8.0,,,8.0,,,8.0,,
74078,PUBLICZNA SZKOŁA PODSTAWOWA W OLSZYNACH,2021,"polski, matematyka, angielski",3.0,,,3.0,,,3.0,,
74080,PUBLICZNA SZKOŁA PODSTAWOWA W WYDMUSACH,2021,"polski, matematyka, angielski",3.0,,,3.0,,,3.0,,
74083,PUBLICZNA SZKOŁA PODSTAWOWA W ZALESIU,2021,"polski, matematyka, angielski",4.0,,,4.0,,,4.0,,
109090,PUBLICZNA SZKOŁA PODSTAWOWA W WOLKOWYCH,2021,"polski, matematyka, angielski",8.0,,,8.0,,,8.0,,
119714,SZKOŁA PODSTAWOWA W BIAŁUSNYM LASKU,2021,"polski, matematyka, angielski",3.0,,,3.0,,,3.0,,
68292,SZKOŁA PODSTAWOWA STOWARZYSZENIA INICJATYW GOSPODARCZYCH I EDUKACYJNYCH IM. KAROLA ADAMIECKIEGO W RŻAŃCU,2021,"polski, matematyka, angielski",4.0,,,4.0,,,4.0,,
69171,SZKOŁA PODSTAWOWA W GRABÓWKU,2021,"polski, matematyka, angielski",6.0,,,6.0,,,6.0,,
69176,SZKOŁA PODSTAWOWA W PRZYSTANI,2021,"polski, matematyka, angielski",6.0,,,6.0,,,6.0,,
81389,SZKOŁA PODSTAWOWA IM. ORŁA BIAŁEGO,2021,"polski, matematyka, angielski",8.0,,,8.0,,,8.0,,
90306,SZKOŁA PODSTAWOWA IM. ARMII KRAJOWEJ,2021,"polski, matematyka, angielski",3.0,,,3.0,,,3.0,,
90362,SZKOŁA PODSTAWOWA IM. MIECZYSŁAWA CZYCHOWSKIEGO,2021,"polski, matematyka, angielski",8.0,,,8.0,,,8.0,,
124721,SZKOŁA PODSTAWOWA NR 2 W LASKOWCU,2021,"polski, matematyka, angielski",2.0,,,2.0,,,,,
5008,SZKOŁA PODSTAWOWA W KLECZKOWIE,2021,angielski,10.0,62.5,62.1,10.0,46.0,44.0,9.0,,
62578,SZKOŁA PODSTAWOWA IM. KAROLA ADAMIECKIEGO W PUPKOWIŹNIE,2021,"polski, matematyka, angielski",5.0,,,5.0,,,5.0,,
128728,SZKOŁA PODSTAWOWA W SZAFRANKACH,2021,"polski, matematyka, angielski",8.0,,,8.0,,,8.0,,
128730,SZKOŁA PODSTAWOWA IM. STANISŁAWA KRUPKI W ŁĄCZKACH,2021,"polski, matematyka, angielski",6.0,,,6.0,,,6.0,,
128731,SZKOŁA PODSTAWOWA IM. STACHA KONWY W DĘBACH,2021,"polski, matematyka, angielski",5.0,,,5.0,,,5.0,,
128732,SZKOŁA PODSTAWOWA SIGIE IM. KAROLA ADAMIECKIEGO W WARMIAKU,2021,"polski, matematyka, angielski",9.0,,,9.0,,,9.0,,
27983,SZKOŁA PODSTAWOWA IM. MIKOŁAJA KOPERNIKA W OSTROWIE,2021,"polski, matematyka, angielski",7.0,,,7.0,,,7.0,,
28020,SZKOŁA PODSTAWOWA W REGUCIE,2021,"polski, matematyka, angielski",4.0,,,4.0,,,4.0,,
83876,ZESPÓŁ SZKÓŁ OGÓLNOKSZTAŁCĄCYCH W MAZOWIECKIM CENTRUM NEUROPSYCHIATRII W JÓZEFOWIE - SZKOŁA PODSTAWOWA,2021,"polski, matematyka, angielski",2.0,,,2.0,,,2.0,,
262935,SZKOŁA PODSTAWOWA ŚW. TOMASZA Z AKWINU,2021,"polski, matematyka, angielski",8.0,,,8.0,,,8.0,,
272422,NIEPUBLICZNA SZKOŁA PODSTAWOWA W JÓZEFOWIE,2021,"polski, matematyka, angielski",4.0,,,4.0,,,4.0,,
15216,SZKOŁA PODSTAWOWA W OTWOCKU WIELKIM,2021,"polski, matematyka, angielski",4.0,,,4.0,,,4.0,,
11677,SZKOŁA PODSTAWOWA W KĄTACH,2021,angielski,11.0,64.0,64.36363636363636,11.0,48.0,51.63636363636363,9.0,,
11678,SZKOŁA PODSTAWOWA IM. KAWALERÓW ORDERU UŚMIECHU W RUDZIENKU,2021,"polski, matematyka, angielski",7.0,,,7.0,,,3.0,,
11679,SZKOŁA PODSTAWOWA IM. KS. JANA TWARDOWSKIEGO W CZŁEKÓWCE,2021,angielski,10.0,59.0,55.8,10.0,40.0,42.4,9.0,,
119008,NIEPUBLICZNA SZKOŁA PODSTAWOWA IM. NOBLISTÓW POLSKICH,2021,"polski, matematyka, angielski",7.0,,,7.0,,,7.0,,
196450,SZKOŁA PODSTAWOWA NR 2 IM. IRENY SENDLEROWEJ,2021,"polski, matematyka, angielski",8.0,,,8.0,,,8.0,,
123896,NIEPUBLICZNA SZKOŁA PODSTAWOWA DA VINCI,2021,"polski, matematyka, angielski",2.0,,,2.0,,,2.0,,
123934,NIEPUBLICZNA KATOLICKA SZKOŁA PODSTAWOWA IM. BŁ. KS. JERZEGO POPIEŁUSZKI,2021,"polski, matematyka, angielski",4.0,,,4.0,,,4.0,,
81027,SZKOŁA PODSTAWOWA SPECJALNA NR 7,2021,"polski, matematyka, angielski",1.0,,,1.0,,,1.0,,
122566,"PRYWATNA SZKOŁA PODSTAWOWA ""WORLD SCHOOL""",2021,"polski, matematyka, angielski",8.0,,,8.0,,,8.0,,
273522,NIEPUBLICZNA SZKOŁA PODSTAWOWA THAMES BRITISH SCHOOL,2021,"polski, matematyka, angielski",1.0,,,1.0,,,2.0,,
122935,SZKOŁA PODSTAWOWA IM. MIKOŁAJA KOPERNIKA,2021,"polski, matematyka, angielski",7.0,,,7.0,,,7.0,,
123994,SZKOŁA PODSTAWOWA SOKRATES,2021,"polski, matematyka, angielski",6.0,,,6.0,,,6.0,,
20443,SZKOŁA PODSTAWOWA IM. BŁ. KS. BRONISŁAWA MARKIEWICZA W WOLI KRAKOWIAŃSKIEJ,2021,"polski, matematyka, angielski",7.0,,,7.0,,,6.0,,
123439,NIEPUBLICZNA SZKOŁA PODSTAWOWA FUNDACJI ADYS,2021,"polski, matematyka, angielski",6.0,,,6.0,,,6.0,,
266088,NIEPUBLICZNA SZKOŁA PODSTAWOWA AZYL,2021,"polski, matematyka, angielski",5.0,,,5.0,,,5.0,,
30118,PUBLICZNA SZKOŁA PODSTAWOWA W POŚCIENIU WSI,2021,"polski, matematyka, angielski",5.0,,,5.0,,,5.0,,
86246,SZKOŁA PODSTAWOWA IM. ŚW. STANISŁAWA KOSTKI W ROSTKOWIE,2021,"polski, matematyka, angielski",8.0,,,8.0,,,8.0,,
82807,SZKOŁA PODSTAWOWA W OLSZEWCE,2021,"polski, matematyka, angielski",5.0,,,5.0,,,5.0,,
12909,PUBLICZNA SZKOŁA PODSTAWOWA IM. KSIĘDZA JERZEGO POPIEŁUSZKI W ZIELONEJ,2021,"polski, matematyka, angielski",9.0,,,9.0,,,9.0,,
4982,SZKOŁA PODSTAWOWA W ROMANACH-SEBORACH,2021,"polski, matematyka, angielski",3.0,,,3.0,,,3.0,,
4983,SZKOŁA PODSTAWOWA W ULATOWIE-ADAMACH,2021,"polski, matematyka, angielski",4.0,,,4.0,,,4.0,,
69076,PUBLICZNA SZKOŁA PODSTAWOWA W BIELINACH,2021,"polski, matematyka, angielski",6.0,,,6.0,,,6.0,,
196236,PUBLICZNA SZKOŁA PODSTAWOWA SPECJALNA,2021,"polski, matematyka, angielski",5.0,,,4.0,,,4.0,,
262733,PUBLICZNA SZKOŁA PODSTAWOWA SPECJALNA W GOŹDZIKOWIE,2021,"polski, matematyka, angielski",4.0,,,4.0,,,4.0,,
128350,SZKOŁA PODSTAWOWA SPECJALNA,2021,"polski, matematyka, angielski",5.0,,,5.0,,,5.0,,
30803,KATOLICKA SZKOŁA PODSTAWOWA IM. ŚW. KRÓLOWEJ JADWIGI W MARIÓWCE,2021,"polski, matematyka, angielski",6.0,,,6.0,,,6.0,,
123705,NIEPUBLICZNA SZKOŁA PODSTAWOWA IM. ŚW. ANDRZEJA APOSTOŁA W NIEZNAMIEROWICACH,2021,"polski, matematyka, angielski",4.0,,,4.0,,,4.0,,
196367,NIEPUBLICZNA SZKOŁA PODSTAWOWA SPECJALNA,2021,"polski, matematyka, angielski",4.0,,,4.0,,,3.0,,
3817,PUBLICZNA SZKOŁA PODSTAWOWA W SKASZEWIE WŁOŚCIAŃSKIM,2021,"polski, matematyka, angielski",8.0,,,8.0,,,8.0,,
14127,PUBLICZNA SZKOŁA PODSTAWOWA IM. BŁ. JANA PAWŁA II W PŁOCOCHOWIE,2021,"polski, matematyka, angielski",7.0,,,7.0,,,7.0,,
83816,"SZKOŁA PODSTAWOWA W STRZEGOCINIE, STRZEGOCIN 4,06-150 ŚWIERCZE",2021,"polski, matematyka, angielski",9.0,,,9.0,,,9.0,,
4663,SZKOŁA PODSTAWOWA IM. MARII KONOPNICKIEJ,2021,"polski, matematyka, angielski",5.0,,,5.0,,,5.0,,
88882,SZKOŁA PODSTAWOWA W ZAGROBIE,2021,"polski, matematyka, angielski",8.0,,,8.0,,,8.0,,
88884,SZKOŁA PODSTAWOWA W ZĄGOTACH,2021,"polski, matematyka, angielski",9.0,,,9.0,,,8.0,,
70892,SZKOŁA PODSTAWOWA IM. JANINY JÓŹWIAK W CIEŚLACH,2021,"polski, matematyka, angielski",6.0,,,6.0,,,6.0,,
91751,NIEPUBLICZNA SZKOŁA PODSTAWOWA W NOWYM KANIGOWIE,2021,"polski, matematyka, angielski",6.0,,,6.0,,,6.0,,
84714,SZKOŁA PODSTAWOWA W NOWYCH ŁUBKACH,2021,"polski, matematyka, angielski",6.0,,,6.0,,,6.0,,
86453,SZKOŁA PODSTAWOWA IM. ARMII KRAJOWEJ W BLICHOWIE,2021,"polski, matematyka, angielski",7.0,,,7.0,,,7.0,,
49256,SZKOŁA PODSTAWOWA IM. MIRY ZIMIŃSKIEJ-SYGIETYŃSKIEJ W CIESZEWIE,2021,"polski, matematyka, angielski",9.0,,,9.0,,,9.0,,
85554,SZKOŁA PODSTAWOWA IM. KORNELA MAKUSZYŃSKIEGO W BORKACH,2021,"polski, matematyka, angielski",6.0,,,6.0,,,6.0,,
85555,SZKOŁA PODSTAWOWA IM. STANISŁAWA WŁADYSŁAWA REYMONTA W CZERMNIE,2021,"polski, matematyka, angielski",8.0,,,8.0,,,8.0,,
85558,SZKOŁA PODSTAWOWA IM. MARII KOWNACKIEJ W NOWYM KAMIENIU,2021,"polski, matematyka, angielski",6.0,,,6.0,,,6.0,,
80611,SZKOŁA PODSTAWOWA W DZIERŻANOWIE,2021,"polski, matematyka, angielski",5.0,,,5.0,,,5.0,,
104690,NIEPUBLICZNA SZKOŁA PODSTAWOWA IM. MARSZAŁKA JÓZEFA PIŁSUDSKIEGO W ORSZYMOWIE,2021,"polski, matematyka, angielski",5.0,,,5.0,,,5.0,,
39888,SZKOŁA PODSTAWOWA IM. ADAMA MICKIEWICZA W PRZECISZEWIE,2021,"polski, matematyka, angielski",6.0,,,6.0,,,6.0,,
39889,SZKOŁA PODSTAWOWA W SMARDZEWIE,2021,"polski, matematyka, angielski",5.0,,,5.0,,,5.0,,
55956,SZKOŁA PODSTAWOWA W ŚWINIARACH,2021,"polski, matematyka, angielski",8.0,,,8.0,,,8.0,,
55958,SZKOŁA PODSTAWOWA IM. WŁADYSŁAWA JAGIEŁŁY W PIOTRKÓWKU,2021,"polski, matematyka, angielski",3.0,,,3.0,,,3.0,,
58493,SZKOŁA PODSTAWOWA W LISZYNIE,2021,"polski, matematyka, angielski",7.0,,,7.0,,,7.0,,
58494,SZKOŁA PODSTAWOWA IM. MAŁEGO POWSTAŃCA W ŚWIĘCIEŃCU,2021,"polski, matematyka, angielski",9.0,,,9.0,,,9.0,,
70798,SZKOŁA PODSTAWOWA,2021,"polski, matematyka, angielski",8.0,,,8.0,,,8.0,,
104813,SZKOŁA PODSTAWOWA IM. JANA BRODECKIEGO W POLESIU,2021,"polski, matematyka, angielski",4.0,,,4.0,,,4.0,,
19359,SZKOŁA PODSTAWOWA IM. JANA PAWŁA II W GRODŹCU,2021,"polski, matematyka, angielski",6.0,,,6.0,,,6.0,,
19386,SZKOŁA PODSTAWOWA IM. MARSZAŁKA JÓZEFA PIŁSUDSKIEGO W CHOCISZEWIE,2021,"polski, matematyka, angielski",9.0,,,9.0,,,7.0,,
129750,NIEPUBLICZNA SZKOŁA PODSTAWOWA IM. HENRYKA SIENKIEWICZA W NOWYM RADZIKOWIE,2021,"polski, matematyka, angielski",3.0,,,3.0,,,3.0,,
103376,SZKOŁA PODSTAWOWA W KRÓLEWIE,2021,"polski, matematyka, angielski",7.0,,,7.0,,,7.0,,
20570,SZKOŁA PODSTAWOWA IM.Z.PADLEWSKIEGO,2021,"polski, matematyka, angielski",9.0,,,9.0,,,9.0,,
20571,SZKOŁA PODSTAWOWA W KRYSKU,2021,"polski, matematyka, angielski",7.0,,,7.0,,,8.0,,
20572,SZKOŁA PODSTAWOWA W ZABOROWIE,2021,"polski, matematyka, angielski",9.0,,,9.0,,,9.0,,
13612,SZKOŁA PODSTAWOWA W KOŁOZĘBIU IM. ŚW. JANA PAWŁA II,2021,"polski, matematyka, angielski",7.0,,,7.0,,,7.0,,
13613,SZKOŁA PODSTAWOWA W SMARDZEWIE,2021,"polski, matematyka, angielski",4.0,,,4.0,,,3.0,,
13257,SZKOŁA PODSTAWOWA IM. WŁ. ST. REYMONTA W STRÓŻEWIE,2021,angielski,11.0,47.0,46.54545454545455,11.0,32.0,32.0,9.0,,
13258,SZKOŁA PODSTAWOWA IM. JANA PAWŁA II W KROCZEWIE,2021,angielski,10.0,65.5,61.5,10.0,44.0,52.8,7.0,,
15790,PUBLICZNA SZKOŁA PODSTAWOWA IM. MARII KONOPNICKIEJ W PODGÓRZE,2021,"polski, matematyka, angielski",6.0,,,6.0,,,6.0,,
43573,SZKOŁA PODSTAWOWA IM. LUDWIKA KUPCZYKA W SEREDZICACH,2021,"polski, matematyka, angielski",9.0,,,9.0,,,9.0,,
80708,SZKOŁA PODSTAWOWA W PAKOSŁAWIU,2021,"polski, matematyka, angielski",8.0,,,8.0,,,8.0,,
80711,"SZKOŁA PODSTAWOWA IM. WŁADYSŁAWA DĄBKA ""BUKOWEGO"" W BŁAZINACH DOLNYCH",2021,"polski, matematyka, angielski",8.0,,,8.0,,,8.0,,
92550,PUBLICZNA SZKOŁA PODSTAWOWA STOWARZYSZENIA ROZWOJU WSI MAZIARZE STARE I OKOLIC W MAZIARZACH STARYCH,2021,"polski, matematyka, angielski",5.0,,,5.0,,,5.0,,
4392,SZKOŁA PODSTAWOWA IM. ŚWIĘTEGO JANA PAWŁA II W WOLI GORYŃSKIEJ,2021,"polski, matematyka, angielski",9.0,,,9.0,,,9.0,,
4866,SZKOŁA PODSTAWOWA IM. POR. JANA SKRZYSZEWSKIEGO W LESIOWIE,2021,"polski, matematyka, angielski",8.0,,,8.0,,,8.0,,
9205,NIEPUBLICZNA SZKOŁA PODSTAWOWA W OWADOWIE,2021,"polski, matematyka, angielski",2.0,,,2.0,,,2.0,,
21345,SZKOŁA PODSTAWOWA W BARTODZIEJACH,2021,"polski, matematyka, angielski",6.0,,,6.0,,,6.0,,
2880,PUBLICZNA SZKOŁA PODSTAWOWA IM. JANA BRZECHWY W SŁUPICY,2021,angielski,10.0,65.5,63.5,10.0,34.0,39.2,9.0,,
35229,PUBLICZNA SZKOŁA PODSTAWOWA IM. NOBLISTÓW POLSKICH W BARDZICACH,2021,"polski, matematyka, angielski",8.0,,,8.0,,,8.0,,
35233,PUBLICZNA SZKOŁA PODSTAWOWA IM. KORNELA MAKUSZYŃSKIEGO W MŁODOCINIE MNIEJSZYM,2021,"polski, matematyka, angielski",7.0,,,7.0,,,7.0,,
107179,PUBLICZNA SZKOŁA PODSTAWOWA IM. JAN KOCHANOWSKIEGO W JAROSZKACH,2021,"polski, matematyka, angielski",8.0,,,8.0,,,8.0,,
107181,PUBLICZNA SZKOŁA PODSTAWOWA IM. ARMII KRAJOWEJ W SUCHEJ,2021,"polski, matematyka, angielski",9.0,,,9.0,,,9.0,,
107184,PUBLICZNA SZKOŁA PODSTAWOWA IM. MARII KONOPNICKIEJ W AUGUSTOWIE,2021,"polski, matematyka, angielski",5.0,,,5.0,,,5.0,,
30841,PUBLICZNA SZKOŁA PODSTAWOWA IM WANDY CHOTOMSKIEJ W CHOMENTOWIE PUSZCZ,2021,"polski, matematyka, angielski",9.0,,,9.0,,,9.0,,
30843,PUBLICZNA SZKOŁA PODSTAWOWA W DZIERZKÓWKU STARYM,2021,"polski, matematyka, angielski",8.0,,,8.0,,,8.0,,
30844,PUBLICZNA SZKOŁA PODSTAWOWA IM. ORŁA BIAŁEGO W SOŁTYKOWIE,2021,"polski, matematyka, angielski",9.0,,,9.0,,,9.0,,
30845,PUBLICZNA SZKOŁA PODSTAWOWA W MODRZEJOWICACH,2021,"polski, matematyka, angielski",9.0,,,9.0,,,6.0,,
4809,PUBLICZNA SZKOŁA PODSTAWOWA W ŁĄCZANACH,2021,"polski, matematyka, angielski",7.0,,,7.0,,,7.0,,
196243,SZKOŁA PODSTAWOWA SPECJALNA W WIERZBICY,2021,"polski, matematyka, angielski",7.0,,,7.0,,,7.0,,
16798,PUBLICZNA SZKOŁA PODSTAWOWA IM. MIKOŁAJA KOPERNIKA W BIENIĘDZICACH,2021,"polski, matematyka, angielski",6.0,,,6.0,,,6.0,,
87173,PUBLICZNA SZKOŁA PODSTAWOWA W NOWYM BARTKOWIE,2021,"polski, matematyka, angielski",4.0,,,4.0,,,3.0,,
21719,SZKOŁA PODSTAWOWA IM KS KAN KAZIMIERZA DYMITROWICZA W RADZIKOWIE WIELKIM,2021,"polski, matematyka, angielski",6.0,,,6.0,,,6.0,,
6711,ZESPÓŁ SZKÓŁ W PRZESMYKACH SZKOŁA PODSTAWOWA W PRZESMYKACH,2021,"polski, matematyka, angielski",9.0,,,9.0,,,9.0,,
2970,NIEPUBLICZNA SZKOŁA PODSTAWOWA W GOŁĄBKU,2021,"polski, matematyka, angielski",7.0,,,7.0,,,7.0,,
47179,SZKOŁA PODSTAWOWA W DĄBRÓWCE STANY,2021,"polski, matematyka, angielski",7.0,,,7.0,,,7.0,,
34681,SZKOŁA PODSTAWOWA IM. MARSZAŁKA JÓZEFA PIŁSUDSKIEGO W KRZEŚLINIE,2021,"polski, matematyka, angielski",7.0,,,7.0,,,7.0,,
40629,SZKOŁA PODSTAWOWA IM. MARSZAŁKA JÓZEFA PIŁSUDSKIEGO W KRYNICY,2021,"polski, matematyka, angielski",8.0,,,8.0,,,8.0,,
69068,SZKOŁA PODSTAWOWA IM. GEN. J. DWERNICKIEGO,2021,"polski, matematyka, angielski",6.0,,,6.0,,,6.0,,
72135,NIEPUBLICZNA SZKOŁA PODSTAWOWA W ŁUGACH WIELKICH,2021,"polski, matematyka, angielski",5.0,,,5.0,,,5.0,,
106930,NIEPUBLICZNA SZKOŁA PODSTAWOWA IM. KORNELA MAKUSZYŃSKIEGO W BORKACH-WYRKACH,2021,"polski, matematyka, angielski",8.0,,,8.0,,,8.0,,
47536,SZKOŁA PODSTAWOWA IM. TADEUSZA KOŚCIUSZKI W ŁUKOMIU,2021,"polski, matematyka, angielski",9.0,,,9.0,,,9.0,,
24714,I PRYWATNA SZKOŁA PODSTAWOWA,2021,"polski, matematyka, angielski",6.0,,,6.0,,,6.0,,
65137,SZKOŁA PODSTAWOWA W SUDRAGACH,2021,"polski, matematyka, angielski",9.0,,,9.0,,,,,
80763,SZKOŁA PODSTAWOWA IM. PAPIEŻA JANA PAWŁA II W OSIEKU,2021,"polski, matematyka, angielski",8.0,,,8.0,,,8.0,,
84864,SZKOŁA PODSTAWOWA IM. PRYMASA KARDYNAŁA STEFANA WYSZYŃSKIEGO W SŁUPI,2021,"polski, matematyka, angielski",9.0,,,9.0,,,9.0,,
121754,NIEPUBLICZNA SZKOŁA PODSTAWOWA IM. TADEUSZA KOŚCIUSZKI W GRĄBCU,2021,"polski, matematyka, angielski",3.0,,,3.0,,,3.0,,
18951,SZKOŁA PODSTAWOWA SPECJALNA W ZAŁUSKOWIE,2021,"polski, matematyka, angielski",6.0,,,6.0,,,6.0,,
23897,SZKOŁA PODSTAWOWA IM. WOJSKA POLSKIEGO W GIŻYCACH,2021,"polski, matematyka, angielski",6.0,,,6.0,,,6.0,,
23898,SZKOŁA PODSTAWOWA IM. BOLESŁAWA CHROBREGO W KAPTURACH,2021,"polski, matematyka, angielski",7.0,,,7.0,,,7.0,,
92270,SZKOŁA PODSTAWOWA IM. PŁK. LUDWIKA GŁOWACKIEGO W JANOWIE,2021,"polski, matematyka, angielski",7.0,,,7.0,,,7.0,,
3688,SZKOŁA PODSTAWOWA IM. JAKUBA KOPACZA W NOWEJ SUCHEJ,2021,angielski,10.0,74.5,73.2,10.0,62.0,63.2,9.0,,
71676,SZKOŁA PODSTAWOWA W MOKASIE,2021,"polski, matematyka, angielski",9.0,,,9.0,,,9.0,,
262652,SZKOŁA PODSTAWOWA IM. KRZYSZTOFA KAMILA BACZYŃSKIEGO W WYMYSŁOWIE,2021,"polski, matematyka, angielski",3.0,,,3.0,,,3.0,,
64422,SZKOŁA PODSTAWOWA IM. FRYDERYKA CHOPINA W BUDKACH PIASECKICH,2021,"polski, matematyka, angielski",9.0,,,9.0,,,9.0,,
18262,SZKOŁA PODSTAWOWA W ROZBITYM KAMIENIU,2021,"polski, matematyka, angielski",7.0,,,7.0,,,4.0,,
59058,NIEPUBLICZNA SZKOŁA PODSTAWOWA W CZEKANOWIE,2021,"polski, matematyka, angielski",2.0,,,2.0,,,2.0,,
91242,PUBLICZNA SZKOŁA PODSTAWOWA W BUJAŁACH MIKOSZACH,2021,"polski, matematyka, angielski",6.0,,,6.0,,,6.0,,
40200,PUBLICZNA SZKOŁA PODSTAWOWA IM 19 PUŁKU UŁANÓW WOŁYŃSKICH W SKRZESZEWIE,2021,"polski, matematyka, angielski",6.0,,,6.0,,,6.0,,
8901,NIEPUBLICZNA SZKOŁA PODSTAWOWA IM. ARMII KRAJOWEJ W NIECIECZY,2021,"polski, matematyka, angielski",4.0,,,4.0,,,4.0,,
4804,NIEPUBLICZNA SZKOŁA PODSTAWOWA W PRZYWÓZKACH,2021,"polski, matematyka, angielski",1.0,,,1.0,,,1.0,,
70349,SZKOŁA PODSTAWOWA W GROCHOWIE,2021,"polski, matematyka, angielski",9.0,,,9.0,,,5.0,,
70560,SZKOŁA PODSTAWOWA W NOWEJ WSI,2021,"polski, matematyka, angielski",5.0,,,5.0,,,3.0,,
84199,SZKOŁA PODSTAWOWA IM. PŁK. DIONIZEGO CZACHOWSKIEGO Z ODDZIAŁEM PRZEDSZKOLNYM,2021,"polski, matematyka, angielski",3.0,,,3.0,,,3.0,,
84201,SZKOŁA PODSTAWOWA IM. H. SIENKIEWICZA Z ODDZIAŁAMI PRZEDSZKOLNYMI,2021,"polski, matematyka, angielski",6.0,,,6.0,,,6.0,,
40911,PUBLICZNA SZKOŁA PODSTAWOWA W WOLI LIPIENIECKIEJ,2021,"polski, matematyka, angielski",9.0,,,9.0,,,9.0,,
30653,PUBLICZNA SZKOŁA PODSTAWOWA IM.KS.BONAWENTURY STACHURY W ZBIJOWIE MAŁYM,2021,"polski, matematyka, angielski",6.0,,,6.0,,,6.0,,
57153,PUBLICZNA SZKOŁA PODSTAWOWA W WAŁSNOWIE,2021,"polski, matematyka, angielski",8.0,,,8.0,,,8.0,,
128714,SZKOŁA PODSTAWOWA MONTESSORI W SZYDŁOWCU,2021,"polski, matematyka, angielski",2.0,,,2.0,,,2.0,,
263810,PUBLICZNA SZKOŁA PODSTAWOWA SPECJALNA W SZYDŁOWCU,2021,"polski, matematyka, angielski",2.0,,,2.0,,,2.0,,
14074,"PUBLICZNA SZKOŁA PODSTAWOWA IM. GEN.STEFANA ROWECKIEGO ""GROTA"" W WYSOKIEJ",2021,"polski, matematyka, angielski",4.0,,,4.0,,,4.0,,
72105,SZKOŁA PODSTAWOWA IM. MARSZAŁKA JÓZEFA PIŁSUDSKIEGO,2021,angielski,10.0,60.0,59.3,10.0,46.0,46.4,9.0,,
128589,"""BIG BEN"" NIEPUBLICZNA POLSKO-BRYTYJSKA SZKOLA PODSTAWOWA",2021,"polski, matematyka, angielski",9.0,,,9.0,,,9.0,,
13697,"NIEPUBLICZNA SZKOŁA PODSTAWOWA ""MOJA SZKOŁA"" IM. WANDY CHOTOMSKIEJ O UPRAWNIENIACH SZKOŁY PUBLICZNEJ",2021,"polski, matematyka, angielski",7.0,,,7.0,,,6.0,,
57086,SZKOŁA PODSTAWOWA W MYSZADŁACH,2021,angielski,10.0,64.5,57.7,10.0,34.0,44.4,9.0,,
48898,SZKOŁA PODSTAWOWA IM JANA PAWŁA II W KRUSZU,2021,"polski, matematyka, angielski",9.0,,,9.0,,,8.0,,
48899,SZKOŁA PODSTAWOWA IM. JANA III SOBIESKIEGO W WOLI RASZTOWSKIEJ,2021,"polski, matematyka, angielski",9.0,,,9.0,,,9.0,,
55890,SZKOŁA PODSTAWOWA W TURZU,2021,"polski, matematyka, angielski",5.0,,,5.0,,,5.0,,
56423,"SZKOŁA PODSTAWOWA IM. MJR. HENRYKA DOBRZAŃSKIEGO ""HUBALA"" W ZABRAŃCU",2021,"polski, matematyka, angielski",5.0,,,5.0,,,5.0,,
118381,"NIEPUBLICZNA SZKOŁA PODSTAWOWA ""PRAXIS""",2021,angielski,10.0,74.5,74.1,10.0,68.0,64.4,9.0,,
19635,SZKOŁA PODSTAWOWA IM. KS. IGNACEGO SKORUPKI W OSSOWIE,2021,"polski, matematyka, angielski",6.0,,,6.0,,,6.0,,
47613,NIEPUBLICZNA SZKOŁA PODSTAWOWA PRZYSTAŃ MONTESSORI,2021,"polski, matematyka, angielski",2.0,,,2.0,,,2.0,,
13019,SZKOŁA PODSTAWOWA IM. PIOTRA KULASIŃSKIEGO W TRZCIANCE,2021,"polski, matematyka, angielski",7.0,,,7.0,,,7.0,,
13020,SZKOŁA PODSTAWOWA IM. PAPIEŻA JANA PAWŁA II W NOWYCH BUDACH,2021,"polski, matematyka, angielski",6.0,,,6.0,,,6.0,,
13021,SZKOŁA PODSTAWOWA IM. MARII KONOPNICKIEJ W TURZYNIE,2021,"polski, matematyka, angielski",6.0,,,6.0,,,6.0,,
89967,"SZKOŁA PODSTAWOWA IM. BOHATERÓW LEŚNEJ PLACÓWKI AK ""MROWISKO"" W KNUROWCU",2021,"polski, matematyka, angielski",5.0,,,5.0,,,5.0,,
103400,SZKOŁA PODSTAWOWA SPECJALNA W ZESPOLE SZKÓŁ SPECJALNYCH W BRAŃSZCZYKU,2021,"polski, matematyka, angielski",2.0,,,2.0,,,2.0,,
5917,SZKOŁA PODSTAWOWA IM.JANUSZA KORCZAKA W DALEKIEM,2021,"polski, matematyka, angielski",5.0,,,5.0,,,5.0,,
5947,SZKOŁA PODSTAWOWA IM.PAPIEŻA JANA PAWŁA II W BLOCHACH,2021,"polski, matematyka, angielski",9.0,,,9.0,,,9.0,,
123985,"SZKOŁA PODSTAWOWA IM. HM. PPOR. AK ""ZOŚKI"" T. ZAWADZKIEGO W SIECZYCHACH",2021,"polski, matematyka, angielski",6.0,,,6.0,,,6.0,,
4518,SZKOŁA PODSTAWOWA IM. ORŁA BIAŁEGO W KOMOROWIE,2021,"polski, matematyka, angielski",7.0,,,7.0,,,7.0,,
4535,SZKOŁA PODSTAWOWA IM. KS. KARDYNAŁA STEFANA WYSZYŃSKIEGO W STARYM LUBIELU,2021,"polski, matematyka, angielski",6.0,,,6.0,,,6.0,,
75458,SZKOŁA PODSTAWOWA IM. ŚW. STANISŁAWA KOSTKI W JACKOWIE GÓRNYM,2021,"polski, matematyka, angielski",9.0,,,9.0,,,9.0,,
75459,SZKOŁA PODSTAWOWA IM. POR. PIL. STEFANA OKRZEI,2021,"polski, matematyka, angielski",2.0,,,2.0,,,2.0,,
21899,SZKOŁA PODSTAWOWA IM. KARDYNAŁA STEFANA WYSZYŃSKIEGO W LESZCZYDOLE STARYM,2021,"polski, matematyka, angielski",9.0,,,9.0,,,9.0,,
29745,SZKOŁA PODSTAWOWA IM. HENRYKA SIENKIEWICZA W RYBNIE,2021,"polski, matematyka, angielski",9.0,,,9.0,,,9.0,,
29884,SZKOŁA PODSTAWOWA W OLSZANCE,2021,"polski, matematyka, angielski",5.0,,,5.0,,,5.0,,
29894,SZKOŁA PODSTAWOWA W ŁOSINNIE,2021,"polski, matematyka, angielski",7.0,,,7.0,,,7.0,,
48006,PUBLICZNA SZKOŁA PODSTAWOWA W KOPCIACH,2021,"polski, matematyka, angielski",9.0,,,9.0,,,9.0,,
48007,PUBLICZNA SZKOŁA PODSTAWOWA W TRZEBUCZY,2021,"polski, matematyka, angielski",6.0,,,6.0,,,2.0,,
75668,SZKOŁA PODSTAWOWA W MAKSYMILIANOWIE,2021,"polski, matematyka, angielski",6.0,,,6.0,,,6.0,,
75718,SZKOŁA PODSTAWOWA IM.BPA FRANCISZKA JACZEWSKIEGO W GÓRKACH GRUBAKACH,2021,"polski, matematyka, angielski",4.0,,,4.0,,,4.0,,
103969,SZKOŁA PODSTAWOWA W PNIEWNIKU,2021,"polski, matematyka, angielski",9.0,,,9.0,,,9.0,,
86735,SAMORZĄDOWA SZKOŁA PODSTAWOWA W ZAJĄCU,2021,"polski, matematyka, angielski",6.0,,,6.0,,,6.0,,
87257,SAMORZĄDOWA SZKOŁA PODSTAWOWA W LIWIE IM. STEFANA BATOREGO,2021,"polski, matematyka, angielski",5.0,,,5.0,,,5.0,,
87532,SAMORZĄDOWA SZKOŁA PODSTAWOWA IM KORNELA MAKUSZYŃSKIEGO W WYSZKOWIE,2021,"polski, matematyka, angielski",8.0,,,8.0,,,8.0,,
90086,SZKOŁA PODSTAWOWA IM. KS. JANA TWARDOWSKIEGO W GRABINACH,2021,"polski, matematyka, angielski",8.0,,,8.0,,,5.0,,
119294,NIEPUBLICZNA SZKOŁA PODSTAWOWA IM. JANUSZA KORCZAKA W KOŁODZIĄŻU,2021,"polski, matematyka, angielski",5.0,,,5.0,,,5.0,,
119295,NIEPUBLICZNA SZKOŁA PODSTAWOWA W ORZEŁKU,2021,"polski, matematyka, angielski",2.0,,,2.0,,,2.0,,
92886,SZKOŁA PODSTAWOWA W TOPORZE,2021,"polski, matematyka, angielski",6.0,,,6.0,,,6.0,,
92888,SZKOŁA PODSTAWOWA W GRYGROWIE,2021,"polski, matematyka, angielski",8.0,,,8.0,,,8.0,,
93107,SZKOŁA PODSTAWOWA W KRYPACH,2021,"polski, matematyka, angielski",8.0,,,8.0,,,8.0,,
126772,SZKOŁA PODSTAWOWA SPECJALNA W JAWORKU,2021,"polski, matematyka, angielski",4.0,,,4.0,,,4.0,,
11909,SZKOŁA PODSTAWOWA IM. WINCENTEGO WITOSA W GWIZDAŁACH,2021,"polski, matematyka, angielski",7.0,,,7.0,,,6.0,,
26614,PUBLICZNA SZKOŁA PODSTAWOWA IM. STEFANA ŻEROMSKIEGO W JANOWIE,2021,"polski, matematyka, angielski",6.0,,,6.0,,,6.0,,
52431,PUBLICZNA SZKOŁA PODSTAWOWA IM. KPT.PIL. TADEUSZA SĘDZIELOWSKIEGO W BARYCZY,2021,"polski, matematyka, angielski",8.0,,,8.0,,,8.0,,
80430,NIEPUBLICZNA SZKOŁA PODSTAWOWA W MOSTOWIE,2021,"polski, matematyka, angielski",5.0,,,5.0,,,5.0,,
67825,SZKOŁA PODSTAWOWA IM. STEFANA ŻEROMSKIEGO W HADYNOWIE,2021,"polski, matematyka, angielski",7.0,,,7.0,,,7.0,,
82491,SZKOŁA PODSTAWOWA W OLSZANCE,2021,"polski, matematyka, angielski",7.0,,,7.0,,,,,
82539,NIEPUBLICZNA SZKOŁA PODSTAWOWA W SZYDŁÓWCE,2021,"polski, matematyka, angielski",9.0,,,9.0,,,8.0,,
2985,SZKOŁA PODSTAWOWA W LIPNIE,2021,"polski, matematyka, angielski",4.0,,,4.0,,,3.0,,
42491,SZKOŁA PODSTAWOWA W RUSKOWIE,2021,"polski, matematyka, angielski",5.0,,,5.0,,,5.0,,
88421,SZKOŁA PODSTAWOWA W SERPELICACH,2021,"polski, matematyka, angielski",5.0,,,5.0,,,5.0,,
22674,SZKOŁA PODSTAWOWA W STARYCH SZPAKACH,2021,"polski, matematyka, angielski",4.0,,,4.0,,,4.0,,
22762,SZKOŁA PODSTAWOWA IM. MARII KONOPNICKIEJ W KOBYLANACH,2021,"polski, matematyka, angielski",9.0,,,9.0,,,9.0,,
78206,SAMORZĄDOWA SZKOŁA PODSTAWOWA W SŁAWĘCINIE,2021,"polski, matematyka, angielski",9.0,,,9.0,,,9.0,,
92098,SZKOŁA PODSTAWOWA W GOŚCISZCE,2021,"polski, matematyka, angielski",8.0,,,8.0,,,8.0,,
106344,SZKOŁA PODSTAWOWA W MLECZÓWCE,2021,"polski, matematyka, angielski",8.0,,,8.0,,,8.0,,
111213,SAMORZĄDOWA SZKOŁA PODSTAWOWA IM. ŚW. ST. KOSTKI W SWOJECINIE,2021,"polski, matematyka, angielski",6.0,,,6.0,,,6.0,,
111216,SAMORZĄDOWA SZKOŁA PODSTAWOWA W PRZERADZU MAŁYM,2021,"polski, matematyka, angielski",6.0,,,6.0,,,6.0,,
42790,SZKOŁA PODSTAWOWA IM. JANA PAWŁA II W ŁASZEWIE,2021,"polski, matematyka, angielski",6.0,,,6.0,,,6.0,,
8848,SZKOŁA PODSTAWOWA W BĘDZYMINIE,2021,"polski, matematyka, angielski",7.0,,,7.0,,,7.0,,
8849,SZKOŁA PODSTAWOWA W PONIATOWIE,2021,"polski, matematyka, angielski",8.0,,,8.0,,,8.0,,
8851,SZKOŁA PODSTAWOWA W KLICZEWIE DUŻYM,2021,"polski, matematyka, angielski",3.0,,,3.0,,,3.0,,
5161,SZKOŁA PODSTAWOWA W WALERIANACH,2021,"polski, matematyka, angielski",6.0,,,6.0,,,6.0,,
7030,SZKOŁA PODSTAWOWA W MICHAŁOWIE,2021,"polski, matematyka, angielski",6.0,,,6.0,,,6.0,,
52528,SZKOŁA PODSTAWOWA IM.J.CHEŁMOŃSKIEGO W KUKLÓWCE RADZIEJOWICKIEJ,2021,"polski, matematyka, angielski",8.0,,,8.0,,,8.0,,
13392,SZKOŁA PODSTAWOWA IM. ALEKSANDRA KAMIŃSKIEGO W GUZOWIE,2021,"polski, matematyka, angielski",6.0,,,6.0,,,7.0,,
24396,SZKOŁA PODSTAWOWA W CHOTUMIU,2022,"polski, matematyka, angielski",4.0,,,4.0,,,4.0,,
7966,NIEPUBLICZNA SZKOŁA PODSTAWOWA W GORYSZACH,2022,"polski, matematyka, angielski",4.0,,,4.0,,,4.0,,
83501,SPOŁECZNA SZKOŁA PODSTAWOWA W KAŁĘCZYNIE,2022,"polski, matematyka, angielski",4.0,,,4.0,,,4.0,,
263535,SZKOŁA PODSTAWOWA SPECJALNA W MŁODZIEŻOWYM OŚRODKU WYCHOWAWCZYM W GOŁOTCZYŹNIE,2022,angielski,5.0,20.0,22.0,5.0,24.0,21.6,3.0,,
264914,NIEPUBLICZNA SZKOŁA PODSTAWOWA Z ODDZIAŁAMI PRZYSPOSABIAJĄCYMI DO PRACY,2022,"polski, matematyka, angielski",2.0,,,2.0,,,2.0,,
6325,NIEPUBLICZNA SZKOŁA PODSTAWOWA IM. JANA PAWŁA II W BRZEGACH,2022,"polski, matematyka, angielski",3.0,,,3.0,,,3.0,,
82486,SZKOŁA PODSTAWOWA IM. HENRYKA SIENKIEWICZA W STARYM KĘBŁOWIE,2022,"polski, matematyka, angielski",4.0,,,4.0,,,4.0,,
83315,SZKOŁA PODSTAWOWA IM. GEN.FRANCISZKA KLEEBERGA W WOLI ŻELECHOWSKIEJ,2022,"polski, matematyka, angielski",4.0,,,4.0,,,4.0,,
123964,NIEPUBLICZNA SZKOŁA PODSTAWOWA IM. LEONARDA DA VINCI,2022,"polski, matematyka, angielski",4.0,,,4.0,,,4.0,,
83954,PUBLICZNA SZKOŁA PODSTAWOWA IM. ZIEMI GRÓJECKIEJ W ZABOROWIE,2022,"polski, matematyka, angielski",3.0,,,3.0,,,3.0,,
103472,PUBLICZNA SZKOŁA PODSTAWOWA IM. ROMUALDA TRAUGUTTA W ŁĘCZESZYCACH,2022,angielski,5.0,58.0,60.2,5.0,80.0,77.6,3.0,,
66475,PUBLICZNA SZKOŁA PODSTAWOWA IM. MARII KONOPNICKIEJ W PIECZYSKACH,2022,"polski, matematyka, angielski",3.0,,,3.0,,,3.0,,
75774,PUBLICZNA SZKOŁA PODSTAWOWA IM CHOR.JANA SZYMAŃSKIEGO W RYCZYWOLE,2022,"polski, matematyka, angielski",4.0,,,4.0,,,4.0,,
5896,PUBLICZNA SZKOŁA PODSTAWOWA IM. STEFANA CZARNIECKIEGO W WOLI CHODKOWSKIEJ,2022,"polski, matematyka, angielski",3.0,,,3.0,,,3.0,,
3518,PUBLICZNA SZKOŁA PODSTAWOWA IM.ŚW.STANISŁAWA KOSTKI W CHODKOWIE WIELKIM,2022,"polski, matematyka, angielski",4.0,,,4.0,,,4.0,,
269889,SZKOŁA PODSTAWOWA W JACIĄŻKU,2022,"polski, matematyka, angielski",2.0,,,2.0,,,2.0,,
86749,SZKOŁA PODSTAWOWA W DĘBSKU,2022,"polski, matematyka, angielski",4.0,,,4.0,,,4.0,,
89623,SZKOŁA PODSTAWOWA W ZAWISTACH-DWORAKACH,2022,"polski, matematyka, angielski",1.0,,,1.0,,,1.0,,
275377,NIEPUBLICZNA SZKOŁA PODSTAWOWA IM> RTM>WITOLDA PILECKIEGO W KOZIKACH,2022,"polski, matematyka, angielski",4.0,,,4.0,,,4.0,,
91573,NIEPUBLICZNA SZKOŁA PODSTAWOWA W TRYNOSACH-OSIEDLE,2022,"polski, matematyka, angielski",4.0,,,4.0,,,4.0,,
106702,SZKOŁA PODSTAWOWA W WOLI BŁĘDOWSKIEJ,2022,"polski, matematyka, angielski",2.0,,,2.0,,,1.0,,
60887,SZKOŁA PODSTAWOWA SIGIE IM. KAROLA ADAMIECKIEGO W CZARNOTRZEWIU,2022,"polski, matematyka, angielski",2.0,,,2.0,,,2.0,,
118547,SZKOŁA PODSTAWOWA W CZARNI,2022,"polski, matematyka, angielski",3.0,,,3.0,,,3.0,,
72352,SZKOŁA PODSTAWOWA W NASIADKACH,2022,"polski, matematyka, angielski",3.0,,,3.0,,,3.0,,
56191,PUBLICZNA SZKOŁA PODSTAWOWA SIGIE IM KAROLA ADAMIECKIEGO W PEŁTACH,2022,"polski, matematyka, angielski",4.0,,,4.0,,,4.0,,
74083,PUBLICZNA SZKOŁA PODSTAWOWA W ZALESIU,2022,"polski, matematyka, angielski",3.0,,,3.0,,,3.0,,
74076,PUBLICZNA SZKOŁA PODSTAWOWA IM. ARMII KRAJOWEJ W KRYSIAKACH,2022,"polski, matematyka, angielski",4.0,,,4.0,,,4.0,,
119714,SZKOŁA PODSTAWOWA W BIAŁUSNYM LASKU,2022,"polski, matematyka, angielski",4.0,,,4.0,,,4.0,,
68292,SZKOŁA PODSTAWOWA STOWARZYSZENIA INICJATYW GOSPODARCZYCH I EDUKACYJNYCH IM. KAROLA ADAMIECKIEGO W RŻAŃCU,2022,"polski, matematyka, angielski",1.0,,,1.0,,,1.0,,
124721,SZKOŁA PODSTAWOWA NR 2 W LASKOWCU,2022,"polski, matematyka, angielski",1.0,,,1.0,,,,,
62578,SZKOŁA PODSTAWOWA IM. KAROLA ADAMIECKIEGO W PUPKOWIŹNIE,2022,"polski, matematyka, angielski",2.0,,,2.0,,,2.0,,
128729,SZKOŁA PODSTAWOWA W WEJDZIE,2022,"polski, matematyka, angielski",2.0,,,2.0,,,2.0,,
276083,SZKOŁA PODSTAWOWA SOKRATES,2022,"polski, matematyka, angielski",1.0,,,1.0,,,1.0,,
273522,NIEPUBLICZNA SZKOŁA PODSTAWOWA THAMES BRITISH SCHOOL,2022,"polski, matematyka, angielski",1.0,,,1.0,,,3.0,,
266088,NIEPUBLICZNA SZKOŁA PODSTAWOWA AZYL,2022,"polski, matematyka, angielski",1.0,,,1.0,,,1.0,,
4982,SZKOŁA PODSTAWOWA W ROMANACH-SEBORACH,2022,"polski, matematyka, angielski",4.0,,,4.0,,,4.0,,
196367,NIEPUBLICZNA SZKOŁA PODSTAWOWA SPECJALNA,2022,"polski, matematyka, angielski",1.0,,,1.0,,,1.0,,
263526,ATUT LIDER KSZTAŁCENIA SZKOŁA PODSTAWOWA DLA DOROSŁYCH W PŁOCKU,2022,"polski, matematyka, angielski",3.0,,,3.0,,,3.0,,
85555,SZKOŁA PODSTAWOWA IM. STANISŁAWA WŁADYSŁAWA REYMONTA W CZERMNIE,2022,"polski, matematyka, angielski",4.0,,,4.0,,,4.0,,
104690,NIEPUBLICZNA SZKOŁA PODSTAWOWA IM. MARSZAŁKA JÓZEFA PIŁSUDSKIEGO W ORSZYMOWIE,2022,"polski, matematyka, angielski",4.0,,,4.0,,,4.0,,
80709,SZKOŁA PODSTAWOWA STOWARZYSZENIA ROZWOJU WSI KRZYŻANOWICE I OKOLIC W KRZYZANOWICACH,2022,"polski, matematyka, angielski",4.0,,,4.0,,,4.0,,
21345,SZKOŁA PODSTAWOWA W BARTODZIEJACH,2022,"polski, matematyka, angielski",4.0,,,4.0,,,4.0,,
107184,PUBLICZNA SZKOŁA PODSTAWOWA IM. MARII KONOPNICKIEJ W AUGUSTOWIE,2022,"polski, matematyka, angielski",4.0,,,4.0,,,4.0,,
72135,NIEPUBLICZNA SZKOŁA PODSTAWOWA W ŁUGACH WIELKICH,2022,"polski, matematyka, angielski",4.0,,,4.0,,,4.0,,
27735,SZKOŁA PODSTAWOWA SPECJALNA NR 4 IM. MARII KONOPNICKIEJ W SPECJALNYM OŚRODKU SZKOLNO-WYCHOWAWCZYM W SIERPCU,2022,"polski, matematyka, angielski",1.0,,,1.0,,,,,
65137,SZKOŁA PODSTAWOWA W SUDRAGACH,2022,angielski,8.0,38.0,43.75,8.0,22.0,30.5,,,
30653,PUBLICZNA SZKOŁA PODSTAWOWA IM.KS.BONAWENTURY STACHURY W ZBIJOWIE MAŁYM,2022,"polski, matematyka, angielski",2.0,,,2.0,,,2.0,,
263810,PUBLICZNA SZKOŁA PODSTAWOWA SPECJALNA W SZYDŁOWCU,2022,"polski, matematyka, angielski",1.0,,,1.0,,,1.0,,
128714,SZKOŁA PODSTAWOWA MONTESSORI W SZYDŁOWCU,2022,"polski, matematyka, angielski",2.0,,,2.0,,,2.0,,
20171,SZKOŁA PODSTAWOWA DLA DOROSŁYCH,2022,"polski, matematyka, angielski",1.0,,,1.0,,,1.0,,
128471,NIEPUBLICZNA SZKOŁA PODSTAWOWA,2022,"polski, matematyka, angielski",1.0,,,1.0,,,1.0,,
80397,SZKOŁA PODSTAWOWA NR 3 IM. DZIECI POWSTANIA WARSZAWSKIEGO,2022,"polski, matematyka, angielski",2.0,,,2.0,,,3.0,,
90364,PAŃSTWOWA OGÓLNOKSZTAŁCĄCA SZKOŁA MUZYCZNA I ST. IM. EMILA MŁYNARSKIEGO W WARSZAWIE,2022,"polski, matematyka, angielski",3.0,,,3.0,,,3.0,,
133534,SZKOŁA PODSTAWOWA DLA DOROSŁYCH NR 372 W WARSZAWIE,2022,"polski, matematyka, angielski",3.0,,,3.0,,,3.0,,
25033,INTERNATIONAL AMERICAN SCHOOL SP. Z O.O. AMERYKAŃSKA SZKOŁA PODSTAWOWA NIEPUBLICZNA NR 44,2022,"polski, matematyka, angielski",2.0,,,2.0,,,2.0,,
105662,SZKOŁA PODSTAWOWA SPECJALNA NR 244,2022,"polski, matematyka, angielski",1.0,,,1.0,,,1.0,,
125191,SZKOŁA PODSTAWOWA NR 235 W ZAKŁADZIE POPRAWCZYM I SCHRONISKU DLA NIELETNICH W WARSZAWIE-FALENICY,2022,"polski, matematyka, angielski",3.0,,,3.0,,,3.0,,
53008,NIEPUBLICZNA WALDORFSKA SZKOŁA PODSTAWOWA IM. AUGUSTA CIESZKOWSKIEGO,2022,"polski, matematyka, angielski",4.0,,,4.0,,,4.0,,
29950,SZKOŁA PODSTAWOWA NIEPUBLICZNA KOLEGIUM ŚW. STANISŁAWA KOSTKI,2022,"polski, matematyka",2.0,,,2.0,,,7.0,56.0,55.42857142857143
128501,SZKOŁA PODSTAWOWA HLONDA 12,2022,"polski, matematyka, angielski",2.0,,,2.0,,,4.0,,
53027,INTEGRACYJNA PODSTAWOWA SZKOŁA MONTESSORI ELIPSOIDA,2022,"polski, matematyka, angielski",1.0,,,1.0,,,1.0,,
105686,SZKOŁA PODSTAWOWA SPECJALNA NR 291,2022,"polski, matematyka, angielski",3.0,,,3.0,,,1.0,,
278442,NIEPUBLICZNA SZKOŁA PODSTAWOWA FUNDACJI ADYS,2022,"polski, matematyka, angielski",4.0,,,4.0,,,4.0,,
132105,NIEPUBLICZNA PODSTAWOWA SZKOŁA MONTESSORI,2022,"polski, matematyka, angielski",2.0,,,2.0,,,2.0,,
106832,"PRYWATNA SZKOŁA PODSTAWOWA NR 1 ""...AD ASTRA""",2022,"polski, matematyka, angielski",3.0,,,3.0,,,3.0,,
13020,SZKOŁA PODSTAWOWA IM. PAPIEŻA JANA PAWŁA II W NOWYCH BUDACH,2022,"polski, matematyka, angielski",4.0,,,4.0,,,4.0,,
103400,SZKOŁA PODSTAWOWA SPECJALNA W ZESPOLE SZKÓŁ SPECJALNYCH W BRAŃSZCZYKU,2022,"polski, matematyka, angielski",1.0,,,1.0,,,1.0,,
119294,NIEPUBLICZNA SZKOŁA PODSTAWOWA IM. JANUSZA KORCZAKA W KOŁODZIĄŻU,2022,"polski, matematyka, angielski",2.0,,,2.0,,,2.0,,
119295,NIEPUBLICZNA SZKOŁA PODSTAWOWA W ORZEŁKU,2022,"polski, matematyka, angielski",4.0,,,4.0,,,4.0,,
126772,SZKOŁA PODSTAWOWA SPECJALNA W JAWORKU,2022,"polski, matematyka, angielski",3.0,,,3.0,,,2.0,,
124924,SZKOŁA PODSTAWOWA W ZAKŁADZIE POPRAWCZYM-MŁODZIEŻOWYM OŚRODKU ADAPTACJI SAPOŁECZNEJ W STUDZIEŃCU,2022,"polski, matematyka, angielski",2.0,,,2.0,,,2.0,,
24396,SZKOŁA PODSTAWOWA W CHOTUMIU,2023,"polski, matematyka, angielski",3.0,,,3.0,,,3.0,,
12051,SZKOŁA PODSTAWOWA W WOLI MŁOCKIEJ,2023,"polski, matematyka, angielski",4.0,,,4.0,,,4.0,,
263535,SZKOŁA PODSTAWOWA SPECJALNA W MŁODZIEŻOWYM OŚRODKU WYCHOWAWCZYM W GOŁOTCZYŹNIE,2023,"polski, matematyka, angielski",4.0,,,4.0,,,3.0,,
74367,SZKOŁA PODSTAWOWA SPECJALNA NR 2 W ZESPOLE SZKÓŁ SPECJALNYCH NR 2 W GARWOLINIE,2023,"polski, matematyka, angielski",3.0,,,3.0,,,2.0,,
6325,NIEPUBLICZNA SZKOŁA PODSTAWOWA IM. JANA PAWŁA II W BRZEGACH,2023,"polski, matematyka, angielski",3.0,,,3.0,,,3.0,,
129776,INTEGRACYJNA SZKOŁA MONTESSORI DRUGIE PIĘTRO,2023,"polski, matematyka, angielski",4.0,,,4.0,,,4.0,,
66475,PUBLICZNA SZKOŁA PODSTAWOWA IM. MARII KONOPNICKIEJ W PIECZYSKACH,2023,"polski, matematyka, angielski",3.0,,,3.0,,,3.0,,
272999,NIEPUBLICZNA ZAOCZNA SZKOŁA PODSTAWOWA DLA DOROSŁYCH W GRÓJCU,2023,angielski,12.0,19.0,24.166666666666668,12.0,16.0,16.0,,,
3518,PUBLICZNA SZKOŁA PODSTAWOWA IM.ŚW.STANISŁAWA KOSTKI W CHODKOWIE WIELKIM,2023,"polski, matematyka, angielski",4.0,,,4.0,,,4.0,,
125097,SZKOŁA PODSTAWOWA NR 2 W ZAKŁADZIE POPRAWCZYM I W SCHRONISKU DLA NIELETNICH W MROZACH,2023,"polski, matematyka, angielski",2.0,,,2.0,,,2.0,,
119011,PRYWATNA SZKOŁA PODSTAWOWA IM. RODZINY MORACZEWSKICH,2023,"polski, matematyka, angielski",1.0,,,1.0,,,2.0,,
276102,PRYWATNA SZKOŁA PODSTAWOWA INSYGNIA,2023,polski,3.0,,,5.0,16.0,18.4,5.0,51.0,50.8
25707,SZKOŁA PODSTAWOWA W PROSZKOWIE,2023,"polski, matematyka, angielski",4.0,,,4.0,,,4.0,,
91573,NIEPUBLICZNA SZKOŁA PODSTAWOWA W TRYNOSACH-OSIEDLE,2023,"polski, matematyka, angielski",3.0,,,3.0,,,3.0,,
106701,SZKOŁA PODSTAWOWA W JASTRZĄBCE,2023,"polski, matematyka, angielski",4.0,,,4.0,,,4.0,,
38804,SZKOŁA PODSTAWOWA IM. ŚW. STANISŁAWA KOSTKI W KUNINIE,2023,"polski, matematyka, angielski",4.0,,,4.0,,,4.0,,
39641,SZKOŁA PODSTAWOWA IM. JANUSZA KORCZAKA W PASIEKACH,2023,"polski, matematyka, angielski",4.0,,,4.0,,,4.0,,
56191,PUBLICZNA SZKOŁA PODSTAWOWA SIGIE IM KAROLA ADAMIECKIEGO W PEŁTACH,2023,"polski, matematyka, angielski",1.0,,,1.0,,,1.0,,
119714,SZKOŁA PODSTAWOWA W BIAŁUSNYM LASKU,2023,"polski, matematyka, angielski",4.0,,,4.0,,,4.0,,
124721,SZKOŁA PODSTAWOWA NR 2 W LASKOWCU,2023,angielski,7.0,20.0,22.285714285714285,7.0,16.0,20.0,2.0,,
62578,SZKOŁA PODSTAWOWA IM. KAROLA ADAMIECKIEGO W PUPKOWIŹNIE,2023,"polski, matematyka, angielski",4.0,,,4.0,,,4.0,,
478547,AKADEMIA ŚWIĘTEGO STANISŁAWA PAPCZYŃSKIEGO - SZKOŁA PODSTAWOWA,2023,"polski, matematyka, angielski",3.0,,,3.0,,,3.0,,
273522,NIEPUBLICZNA SZKOŁA PODSTAWOWA THAMES BRITISH SCHOOL,2023,"polski, matematyka",3.0,,,3.0,,,9.0,89.0,79.77777777777777
4983,SZKOŁA PODSTAWOWA W ULATOWIE-ADAMACH,2023,"polski, matematyka, angielski",4.0,,,4.0,,,3.0,,
104690,NIEPUBLICZNA SZKOŁA PODSTAWOWA IM. MARSZAŁKA JÓZEFA PIŁSUDSKIEGO W ORSZYMOWIE,2023,"polski, matematyka, angielski",2.0,,,2.0,,,2.0,,
70798,SZKOŁA PODSTAWOWA,2023,"polski, matematyka, angielski",4.0,,,4.0,,,4.0,,
129750,NIEPUBLICZNA SZKOŁA PODSTAWOWA IM. HENRYKA SIENKIEWICZA W NOWYM RADZIKOWIE,2023,"polski, matematyka, angielski",2.0,,,2.0,,,2.0,,
13613,SZKOŁA PODSTAWOWA IM. POWSTAŃCÓW STYCZNIOWYCH 1863 R. W SMARDZEWIE,2023,angielski,6.0,74.5,74.83333333333333,6.0,64.0,60.666666666666664,4.0,,
123498,NIEPUBLICZNA SZKOŁA PODSTAWOWA INTERNATIONAL ELEMENTARY SCHOOL,2023,"polski, matematyka, angielski",4.0,,,4.0,,,4.0,,
86863,OGÓLNOKSZTAŁCACA SZKOŁA MUZYCZNA I STOPNIA W ZESPOLE SZKÓŁ MUZYCZNYCH IM. OSKARA KOLBERGA,2023,"polski, matematyka, angielski",4.0,,,4.0,,,4.0,,
9205,"NIEPUBLICZNA SZKOŁA PODSTAWOWA W OWADOWIE IM. DANUTY SIEDZIKÓWNY PS. ""INKA""",2023,"polski, matematyka, angielski",4.0,,,4.0,,,4.0,,
107181,PUBLICZNA SZKOŁA PODSTAWOWA IM. ARMII KRAJOWEJ W SUCHEJ,2023,"polski, matematyka, angielski",4.0,,,4.0,,,4.0,,
2970,NIEPUBLICZNA SZKOŁA PODSTAWOWA W GOŁĄBKU,2023,"polski, matematyka, angielski",2.0,,,2.0,,,2.0,,
65137,SZKOŁA PODSTAWOWA W SUDRAGACH,2023,angielski,11.0,71.0,66.81818181818181,11.0,52.0,58.90909090909091,1.0,,
121754,NIEPUBLICZNA SZKOŁA PODSTAWOWA IM. TADEUSZA KOŚCIUSZKI W GRĄBCU,2023,"polski, matematyka, angielski",4.0,,,4.0,,,4.0,,
91242,PUBLICZNA SZKOŁA PODSTAWOWA W BUJAŁACH MIKOSZACH,2023,"polski, matematyka, angielski",4.0,,,4.0,,,4.0,,
70560,SZKOŁA PODSTAWOWA W NOWEJ WSI,2023,angielski,8.0,78.0,75.625,8.0,58.0,54.5,4.0,,
84204,SZKOŁA PODSTAWOWA IM. M. KONOPNICKIEJ Z ODDZIAŁEM PRZEDSZKOLNYM,2023,angielski,5.0,67.0,60.0,5.0,28.0,35.2,4.0,,
84199,SZKOŁA PODSTAWOWA IM. PŁK. DIONIZEGO CZACHOWSKIEGO Z ODDZIAŁEM PRZEDSZKOLNYM,2023,"polski, matematyka, angielski",1.0,,,1.0,,,1.0,,
128371,PUBLICZNA SZKOŁA PODSTAWOWA W NOWYM DWORZE,2023,"polski, matematyka, angielski",2.0,,,2.0,,,2.0,,
263810,PUBLICZNA SZKOŁA PODSTAWOWA SPECJALNA W SZYDŁOWCU,2023,"polski, matematyka, angielski",2.0,,,2.0,,,2.0,,
105308,SZKOŁA PODSTAWOWA SPECJALNA NR 201,2023,angielski,6.0,41.0,40.0,6.0,22.0,20.0,4.0,,
90364,PAŃSTWOWA OGÓLNOKSZTAŁCĄCA SZKOŁA MUZYCZNA I ST. IM. EMILA MŁYNARSKIEGO W WARSZAWIE,2023,"polski, matematyka, angielski",2.0,,,2.0,,,2.0,,
53015,"NIEPUBLICZNA SZKOŁA PODSTAWOWA ""INTERNATIONAL TRILINGUAL SCHOOL OF WARSAW""",2023,"polski, matematyka, angielski",3.0,,,3.0,,,3.0,,
262848,NIEPUBLICZNA SZKOŁA PODSTAWOWA NR 38 Z ODDZIAŁAMI INTEGRACYJNYMI IM. IRENY SENDLEROWEJ,2023,polski,4.0,,,5.0,68.0,67.2,5.0,87.0,78.0
25033,INTERNATIONAL AMERICAN SCHOOL SP. Z O.O. AMERYKAŃSKA SZKOŁA PODSTAWOWA NIEPUBLICZNA NR 44,2023,"polski, matematyka, angielski",3.0,,,3.0,,,3.0,,
125191,SZKOŁA PODSTAWOWA NR 235 W OKRĘGOWYM OŚRODKU WYCHOWAWCZYM W WARSZAWIE-FALENICY,2023,"polski, matematyka, angielski",4.0,,,4.0,,,4.0,,
105302,SZKOŁA PODSTAWOWA SPECJALNA NR 349 W MŁODZIEŻOWYM OŚRODKU SOCJOTERAPII NR 8,2023,"polski, matematyka, angielski",4.0,,,4.0,,,4.0,,
29950,SZKOŁA PODSTAWOWA NIEPUBLICZNA KOLEGIUM ŚW. STANISŁAWA KOSTKI,2023,"polski, matematyka",3.0,,,3.0,,,9.0,80.0,63.0
114664,SZKOŁA PODSTAWOWA AKADEMIA DOBREJ EDUKACJI IM. GEN. JÓZEFA SOWIŃSKIEGO,2023,"polski, matematyka, angielski",2.0,,,2.0,,,2.0,,
272680,NIEPUBLICZNA SZKOŁA PODSTAWOWA POD WIELKIM DACHEM NIEBA,2023,"polski, matematyka, angielski",1.0,,,1.0,,,1.0,,
278456,NIEPUBLICZNA SZKOŁA PODSTAWOWA EDUART IM. LEONARDA DA VINCI,2023,"polski, matematyka, angielski",1.0,,,1.0,,,1.0,,
278442,NIEPUBLICZNA SZKOŁA PODSTAWOWA FUNDACJI ADYS,2023,"polski, matematyka, angielski",3.0,,,3.0,,,3.0,,
103400,SZKOŁA PODSTAWOWA SPECJALNA W ZESPOLE SZKÓŁ SPECJALNYCH W BRAŃSZCZYKU,2023,"polski, matematyka, angielski",4.0,,,4.0,,,4.0,,
123985,"SZKOŁA PODSTAWOWA IM. HM. PPOR. AK ""ZOŚKI"" T. ZAWADZKIEGO W SIECZYCHACH",2023,angielski,5.0,58.0,57.0,5.0,32.0,28.8,4.0,,
29894,SZKOŁA PODSTAWOWA W ŁOSINNIE,2023,"polski, matematyka, angielski",4.0,,,4.0,,,4.0,,
119294,NIEPUBLICZNA SZKOŁA PODSTAWOWA IM. JANUSZA KORCZAKA W KOŁODZIĄŻU,2023,"polski, matematyka, angielski",4.0,,,4.0,,,4.0,,
119295,NIEPUBLICZNA SZKOŁA PODSTAWOWA W ORZEŁKU,2023,"polski, matematyka, angielski",1.0,,,1.0,,,1.0,,
82491,SZKOŁA PODSTAWOWA W OLSZANCE,2023,angielski,6.0,63.0,56.333333333333336,6.0,30.0,40.0,4.0,,
42491,SZKOŁA PODSTAWOWA W RUSKOWIE,2023,"polski, matematyka, angielski",3.0,,,3.0,,,2.0,,
111213,SAMORZĄDOWA SZKOŁA PODSTAWOWA IM. ŚW. ST. KOSTKI W SWOJECINIE,2023,"polski, matematyka, angielski",3.0,,,3.0,,,3.0,,
8851,SZKOŁA PODSTAWOWA W KLICZEWIE DUŻYM,2023,"polski, matematyka, angielski",4.0,,,4.0,,,4.0,,
124924,SZKOŁA PODSTAWOWA W OKRĘGOWYM OŚRODKU WYCHOWAWCZYM W STUDZIEŃCU,2023,"polski, matematyka, angielski",2.0,,,2.0,,,2.0,,
7705,PUBLICZNA SZKOŁA PODSTAWOWA IM. ARMII KRAJOWEJ W BOŻEM,2024,"polski, matematyka, angielski",4.0,,,4.0,,,4.0,,
9145,PUBLICZNA SZKOŁA PODSTAWOWA IM. ŚW JANA PAWŁA II W BOBRKU,2024,"polski, matematyka, angielski",1.0,,,1.0,,,1.0,,
62364,PUBLICZNA SZKOŁA PODSTAWOWA W KOSTRZYNIE,2024,"polski, matematyka, angielski",4.0,,,4.0,,,4.0,,
24396,SZKOŁA PODSTAWOWA W CHOTUMIU,2024,"polski, matematyka, angielski",2.0,,,2.0,,,2.0,,
12051,SZKOŁA PODSTAWOWA W WOLI MŁOCKIEJ,2024,"polski, matematyka, angielski",3.0,,,3.0,,,3.0,,
68145,SZKOŁA PODSTAWOWA IM. ŻOŁNIERZY ARMII KRAJOWEJ W OŚCISŁOWIE,2024,"polski, matematyka, angielski",3.0,,,3.0,,,3.0,,
263530,SZKOŁA PODSTAWOWA SPECJALNA W MŁODZIEŻOWYM OŚRODKU SOCJOTERAPII,2024,angielski,8.0,22.0,25.375,8.0,12.0,15.0,2.0,,
263535,SZKOŁA PODSTAWOWA SPECJALNA W MŁODZIEŻOWYM OŚRODKU WYCHOWAWCZYM W GOŁOTCZYŹNIE,2024,"polski, matematyka, angielski",3.0,,,3.0,,,3.0,,
74367,SZKOŁA PODSTAWOWA SPECJALNA NR 2 W ZESPOLE SZKÓŁ SPECJALNYCH NR 2 W GARWOLINIE,2024,"polski, matematyka, angielski",2.0,,,2.0,,,2.0,,
264914,NIEPUBLICZNA SZKOŁA PODSTAWOWA Z ODDZIAŁAMI PRZYSPOSABIAJĄCYMI DO PRACY,2024,"polski, matematyka, angielski",2.0,,,2.0,,,2.0,,
50846,PUBLICZNA SZKOŁA PODSTAWOWA IM. MARII KOWNACKIEJ W SAMORZĄDKACH,2024,"polski, matematyka, angielski",4.0,,,4.0,,,4.0,,
6325,NIEPUBLICZNA SZKOŁA PODSTAWOWA IM. JANA PAWŁA II W BRZEGACH,2024,"polski, matematyka, angielski",3.0,,,3.0,,,3.0,,
278430,PUBLICZNA SZKOŁA PODSTAWOWA W ANIELOWIE,2024,"polski, matematyka, angielski",2.0,,,2.0,,,2.0,,
278474,PUBLICZNA SZKOŁA PODSTAWOWA W KALENIU DRUGIM,2024,"polski, matematyka, angielski",4.0,,,4.0,,,2.0,,
263757,"NIEPUBLICZNA SZKOŁA PODSTAWOWA SPECJALNA IM. MACIEJA LEWCZUKA PRZY OŚRODKU SOCJOTERAPEUTYCZNYM ""WSPÓLNY DOM"" W WILDZE",2024,"polski, matematyka, angielski",3.0,,,3.0,,,3.0,,
90601,SZKOŁA PODSTAWOWA IM. TADEUSZA KOŚCIUSZKI W STEFANOWIE,2024,angielski,5.0,62.0,63.4,5.0,64.0,54.4,4.0,,
82486,SZKOŁA PODSTAWOWA IM. HENRYKA SIENKIEWICZA W STARYM KĘBŁOWIE,2024,"polski, matematyka, angielski",4.0,,,4.0,,,4.0,,
83315,SZKOŁA PODSTAWOWA IM. GEN.FRANCISZKA KLEEBERGA W WOLI ŻELECHOWSKIEJ,2024,"polski, matematyka, angielski",1.0,,,1.0,,,1.0,,
129776,INTEGRACYJNA SZKOŁA MONTESSORI DRUGIE PIĘTRO,2024,"polski, matematyka, angielski",4.0,,,4.0,,,4.0,,
268509,TENISOWA SZKOŁA PODSTAWOWA,2024,"polski, matematyka, angielski",3.0,,,3.0,,,4.0,,
64965,MILANOWSKA PRYWATNA SZKOŁA PODSTAWOWA,2024,"polski, matematyka, angielski",3.0,,,3.0,,,3.0,,
91956,PUBLICZNA SZKOŁA PODSTAWOWA IM. UNICEF W LEWICZYNIE,2024,"polski, matematyka, angielski",4.0,,,4.0,,,4.0,,
105736,PUBLICZNA SZKOŁA PODSTAWOWA IM. 11 LISTOPADA 1918R. W GOŁOSZACH,2024,"polski, matematyka, angielski",3.0,,,3.0,,,3.0,,
47665,PUBLICZNA SZKOŁA PODSTAWOWA W SIELCU,2024,"polski, matematyka, angielski",2.0,,,2.0,,,2.0,,
272999,NIEPUBLICZNA ZAOCZNA SZKOŁA PODSTAWOWA DLA DOROSŁYCH W GRÓJCU,2024,angielski,6.0,18.5,23.833333333333332,6.0,16.0,24.0,,,
24340,PUBLICZNA SZKOŁA PODSTAWOWA W BOROWEM,2024,"polski, matematyka, angielski",3.0,,,3.0,,,3.0,,
89385,PUBLICZNA SZKOŁA PODSTAWOWA W MICHAŁOWICACH,2024,"polski, matematyka, angielski",3.0,,,3.0,,,3.0,,
87434,PUBLICZNA SZKOŁA PODSTAWOWA IM. BŁ. FRANCISZKI SIEDLISKIEJ W ŻDŻARACH,2024,"polski, matematyka, angielski",1.0,,,1.0,,,1.0,,
84244,PUBLICZNA SZKOŁA PODSTAWOWA IM. ŚW. MAKSYMILIANA MARII KOLBEGO W KAROLEWIE,2024,"polski, matematyka, angielski",4.0,,,4.0,,,4.0,,
62361,PUBLICZNA SZKOŁA PODSTAWOWA IM. BAT.CHŁOPSKICH W URSYNOWIE,2024,"polski, matematyka, angielski",3.0,,,3.0,,,3.0,,
131696,SZKOŁA PODSTAWOWA AKADEMIA DOBREJ EDUKACJI W JABŁONNIE,2024,"polski, matematyka",4.0,,,4.0,,,6.0,94.5,93.33333333333333
75638,NIEPUBLICZNA SZKOŁA PODSTAWOWA Z ODDZIAŁAMI PRZEDSZKOLNYMI,2024,"polski, matematyka, angielski",3.0,,,3.0,,,3.0,,
30233,SZKOŁA PODSTAWOWA IM. EDWARDA ROLSKIEGO W DRĄŻDŻEWIE,2024,"polski, matematyka, angielski",1.0,,,1.0,,,1.0,,
3518,PUBLICZNA SZKOŁA PODSTAWOWA IM.ŚW.STANISŁAWA KOSTKI W CHODKOWIE WIELKIM,2024,"polski, matematyka, angielski",3.0,,,3.0,,,3.0,,
121498,SZKOŁA FILIALNA W DĘBEM MAŁYM SZKOŁY PODSTAWOWEJ IM. RODZINY WYLEŻYŃSKICH W WIELGOLESIE,2024,"polski, matematyka, angielski",2.0,,,2.0,,,2.0,,
62427,SZKOŁA PODSTAWOWA IM. HENRYKA SIENKIEWICZA W JERUZALU,2024,"polski, matematyka, angielski",3.0,,,3.0,,,3.0,,
125097,SZKOŁA PODSTAWOWA NR 2 W ZAKŁADZIE POPRAWCZYM I W SCHRONISKU DLA NIELETNICH W MROZACH,2024,"polski, matematyka, angielski",2.0,,,2.0,,,2.0,,
83629,PUBLICZNA SZKOŁA PODSTAWOWA IM.ABSOLWENTÓW SIENNICKICH SZKÓŁ PEDAGOGICZNYCH,2024,"polski, matematyka, angielski",2.0,,,2.0,,,1.0,,
123027,NIEPUBLICZNA SZKOŁA PODSTAWOWA CENTRUM EDUKACYJNE,2024,"polski, matematyka, angielski",3.0,,,3.0,,,3.0,,
84653,SZKOŁA PODSTAWOWA W RZĘGNOWIE,2024,"polski, matematyka, angielski",4.0,,,4.0,,,4.0,,
8978,SZKOŁA PODSTAWOWA W ŁOMI,2024,"polski, matematyka, angielski",3.0,,,3.0,,,3.0,,
73673,SZKOŁA PODSTAWOWA IM. KARDYNAŁA STEFANA WYSZYŃSKIEGO WE WRÓBLEWIE,2024,"polski, matematyka, angielski",4.0,,,4.0,,,4.0,,
60919,SZKOŁA PODSTAWOWA IM. WANDY CHOTOMSKIEJ W STARYM ORZECHOWIE,2024,"polski, matematyka, angielski",4.0,,,4.0,,,4.0,,
89283,SZKOŁA PODSTAWOWA W TYMIANKACH-BUCIACH,2024,"polski, matematyka, angielski",2.0,,,2.0,,,2.0,,
28696,PUBLICZNA SZKOŁA PODSTAWOWA IM. MARSZAŁKA JÓZEFA PIŁSUDSKIEGO,2024,"polski, matematyka, angielski",3.0,,,3.0,,,3.0,,
6639,SZKOŁA PODSTAWOWA IM. KARDYNAŁA STEFANA WYSZYŃSKIEGO W KIEŁCZEWIE,2024,"polski, matematyka, angielski",4.0,,,4.0,,,4.0,,
6642,SZKOŁA PODSTAWOWA IM. KS. JANA TWARDOWSKIEGO W GLINIE,2024,"polski, matematyka, angielski",1.0,,,1.0,,,1.0,,
18796,PUBLICZNA SZKOŁA PODSTAWOWA IM.MARII KONOPNICKIEJ W STARYM LUBIEJEWIE,2024,"polski, matematyka, angielski",4.0,,,4.0,,,4.0,,
275377,NIEPUBLICZNA SZKOŁA PODSTAWOWA IM> RTM>WITOLDA PILECKIEGO W KOZIKACH,2024,"polski, matematyka, angielski",1.0,,,1.0,,,1.0,,
91573,NIEPUBLICZNA SZKOŁA PODSTAWOWA W TRYNOSACH-OSIEDLE,2024,"polski, matematyka, angielski",1.0,,,1.0,,,1.0,,
107596,SZKOŁA PODSTAWOWA IM. ALEKSANDRA KOPCIA W ZAWADACH,2024,"polski, matematyka, angielski",4.0,,,4.0,,,4.0,,
106701,SZKOŁA PODSTAWOWA W JASTRZĄBCE,2024,"polski, matematyka, angielski",2.0,,,2.0,,,2.0,,
106702,SZKOŁA PODSTAWOWA W WOLI BŁĘDOWSKIEJ,2024,"polski, matematyka, angielski",2.0,,,2.0,,,2.0,,
39641,SZKOŁA PODSTAWOWA IM. JANUSZA KORCZAKA W PASIEKACH,2024,"polski, matematyka, angielski",4.0,,,4.0,,,4.0,,
72349,SZKOŁA PODSTAWOWA W DĄBRÓWCE,2024,"polski, matematyka, angielski",2.0,,,2.0,,,2.0,,
91896,SZKOŁA PODSTAWOWA W ZESPOLE SZKÓŁ IM. KARDYNAŁA STEFANA WYSZYŃSKIEGO W LELISIE,2024,"polski, matematyka, angielski",3.0,,,3.0,,,3.0,,
74078,PUBLICZNA SZKOŁA PODSTAWOWA W OLSZYNACH,2024,"polski, matematyka, angielski",2.0,,,2.0,,,2.0,,
119714,SZKOŁA PODSTAWOWA W BIAŁUSNYM LASKU,2024,"polski, matematyka, angielski",2.0,,,2.0,,,2.0,,
124721,SZKOŁA PODSTAWOWA NR 2 W LASKOWCU,2024,angielski,6.0,13.0,17.0,6.0,18.0,16.0,1.0,,
62578,SZKOŁA PODSTAWOWA IM. KAROLA ADAMIECKIEGO W PUPKOWIŹNIE,2024,"polski, matematyka, angielski",1.0,,,1.0,,,1.0,,
128729,SZKOŁA PODSTAWOWA W WEJDZIE,2024,"polski, matematyka, angielski",4.0,,,4.0,,,4.0,,
128730,SZKOŁA PODSTAWOWA IM. STANISŁAWA KRUPKI W ŁĄCZKACH,2024,"polski, matematyka, angielski",3.0,,,3.0,,,3.0,,
27983,SZKOŁA PODSTAWOWA IM. MIKOŁAJA KOPERNIKA W OSTROWIE,2024,"polski, matematyka, angielski",3.0,,,3.0,,,3.0,,
28020,SZKOŁA PODSTAWOWA W REGUCIE,2024,"polski, matematyka, angielski",4.0,,,4.0,,,4.0,,
272422,NIEPUBLICZNA SZKOŁA PODSTAWOWA W JÓZEFOWIE,2024,"polski, matematyka, angielski",3.0,,,4.0,,,4.0,,
82564,SZKOŁA PODSTAWOWA NR 9 IM. JANA PAWŁA II,2024,"polski, matematyka, angielski",2.0,,,2.0,,,3.0,,
119008,NIEPUBLICZNA SZKOŁA PODSTAWOWA IM. NOBLISTÓW POLSKICH,2024,"polski, matematyka, angielski",4.0,,,4.0,,,4.0,,
478547,AKADEMIA ŚW. STANISŁAWA PAPCZYŃSKIEGO - SZKOŁA PODSTAWOWA,2024,"polski, matematyka, angielski",4.0,,,4.0,,,4.0,,
273522,NIEPUBLICZNA SZKOŁA PODSTAWOWA THAMES BRITISH SCHOOL,2024,"polski, matematyka",3.0,,,3.0,,,5.0,96.0,93.0
6638,SZKOŁA PODSTAWOWA IM.MIECZYSŁAWA KACZYŃSKIEGO,2024,"polski, matematyka, angielski",4.0,,,4.0,,,4.0,,
20443,SZKOŁA PODSTAWOWA IM. BŁ. KS. BRONISŁAWA MARKIEWICZA W WOLI KRAKOWIAŃSKIEJ,2024,"polski, matematyka, angielski",4.0,,,4.0,,,4.0,,
266088,NIEPUBLICZNA SZKOŁA PODSTAWOWA AZYL,2024,"polski, matematyka, angielski",1.0,,,1.0,,,1.0,,
12909,PUBLICZNA SZKOŁA PODSTAWOWA IM. KSIĘDZA JERZEGO POPIEŁUSZKI W ZIELONEJ,2024,"polski, matematyka, angielski",4.0,,,4.0,,,4.0,,
4982,SZKOŁA PODSTAWOWA W ROMANACH-SEBORACH,2024,"polski, matematyka, angielski",3.0,,,3.0,,,3.0,,
69076,PUBLICZNA SZKOŁA PODSTAWOWA W BIELINACH,2024,"polski, matematyka, angielski",3.0,,,3.0,,,3.0,,
30800,PUBLICZNA SZKOŁA PODSTAWOWA W SKRZYŃSKU IM. KARDYNAŁA STEFANA WYSZYŃSKIEGO,2024,"polski, matematyka, angielski",4.0,,,4.0,,,4.0,,
14127,PUBLICZNA SZKOŁA PODSTAWOWA IM. BŁ. JANA PAWŁA II W PŁOCOCHOWIE,2024,"polski, matematyka, angielski",3.0,,,3.0,,,3.0,,
88882,SZKOŁA PODSTAWOWA W ZAGROBIE,2024,"polski, matematyka, angielski",1.0,,,1.0,,,1.0,,
4663,SZKOŁA PODSTAWOWA IM. MARII KONOPNICKIEJ,2024,"polski, matematyka, angielski",2.0,,,2.0,,,2.0,,
70892,SZKOŁA PODSTAWOWA IM. JANINY JÓŹWIAK W CIEŚLACH,2024,"polski, matematyka, angielski",4.0,,,4.0,,,4.0,,
86453,SZKOŁA PODSTAWOWA IM. ARMII KRAJOWEJ W BLICHOWIE,2024,"polski, matematyka, angielski",4.0,,,4.0,,,4.0,,
85556,SZKOŁA PODSTAWOWA IM. MARSZAŁKA JÓZEFA PIŁSUDSKIEGO W NOWYM GRABIU,2024,"polski, matematyka, angielski",4.0,,,4.0,,,4.0,,
85558,SZKOŁA PODSTAWOWA IM. MARII KOWNACKIEJ W NOWYM KAMIENIU,2024,"polski, matematyka, angielski",4.0,,,4.0,,,4.0,,
80611,SZKOŁA PODSTAWOWA W DZIERŻANOWIE,2024,"polski, matematyka, angielski",3.0,,,3.0,,,3.0,,
104690,NIEPUBLICZNA SZKOŁA PODSTAWOWA IM. MARSZAŁKA JÓZEFA PIŁSUDSKIEGO W ORSZYMOWIE,2024,"polski, matematyka, angielski",1.0,,,1.0,,,1.0,,
39888,SZKOŁA PODSTAWOWA IM. ADAMA MICKIEWICZA W PRZECISZEWIE,2024,"polski, matematyka, angielski",2.0,,,2.0,,,2.0,,
55958,SZKOŁA PODSTAWOWA IM. WŁADYSŁAWA JAGIEŁŁY W PIOTRKÓWKU,2024,"polski, matematyka, angielski",4.0,,,4.0,,,4.0,,
129750,NIEPUBLICZNA SZKOŁA PODSTAWOWA IM. HENRYKA SIENKIEWICZA W NOWYM RADZIKOWIE,2024,"polski, matematyka, angielski",3.0,,,3.0,,,3.0,,
20572,SZKOŁA PODSTAWOWA W ZABOROWIE,2024,"polski, matematyka, angielski",3.0,,,3.0,,,2.0,,
123687,"NIEPUBLICZNA SZKOŁA PODSTAWOWA ""ŻYWIOŁY""",2024,"polski, matematyka, angielski",3.0,,,4.0,,,4.0,,
13613,SZKOŁA PODSTAWOWA IM. POWSTAŃCÓW STYCZNIOWYCH 1863 R. W SMARDZEWIE,2024,"polski, matematyka, angielski",1.0,,,1.0,,,1.0,,
13612,SZKOŁA PODSTAWOWA W KOŁOZĘBIU IM. ŚW. JANA PAWŁA II,2024,"polski, matematyka, angielski",4.0,,,4.0,,,4.0,,
88233,SPECJALNY OŚRODEK SZKOLNO - WYCHOWAWCZY DLA DZIECI NIESŁYSZĄCYCH IM. MARII GRZEGORZEWSKIEJ W RADOMIU - PUBLICZNA SZKOŁA PODSTAWOWA NR 10 - SPECJALNA,2024,"polski, matematyka, angielski",1.0,,,1.0,,,1.0,,
274815,SZKOŁA PODSTAWOWA SPECJALNA W CHWAŁOWICACH,2024,"polski, matematyka, angielski",1.0,,,1.0,,,1.0,,
4303,SZKOŁA PODSTAWOWA W MĄKOSACH STARYCH,2024,"polski, matematyka, angielski",3.0,,,3.0,,,3.0,,
4392,SZKOŁA PODSTAWOWA IM. ŚWIĘTEGO JANA PAWŁA II W WOLI GORYŃSKIEJ,2024,"polski, matematyka, angielski",3.0,,,3.0,,,3.0,,
35228,PUBLICZNA SZKOŁA PODSTAWOWA IM. ORŁA BIAŁEGO W KOŃCZYCACH - KOLONII,2024,"polski, matematyka, angielski",4.0,,,4.0,,,4.0,,
107184,PUBLICZNA SZKOŁA PODSTAWOWA IM. MARII KONOPNICKIEJ W AUGUSTOWIE,2024,"polski, matematyka, angielski",3.0,,,3.0,,,3.0,,
196243,SZKOŁA PODSTAWOWA SPECJALNA W WIERZBICY,2024,"polski, matematyka, angielski",3.0,,,3.0,,,3.0,,
40629,SZKOŁA PODSTAWOWA IM. MARSZAŁKA JÓZEFA PIŁSUDSKIEGO W KRYNICY,2024,"polski, matematyka, angielski",3.0,,,3.0,,,3.0,,
104448,SZKOŁA PODSTAWOWA IM. JANA PAWŁA II W ŚMIARACH,2024,"polski, matematyka, angielski",4.0,,,4.0,,,4.0,,
24714,I PRYWATNA SZKOŁA PODSTAWOWA,2024,"polski, matematyka, angielski",4.0,,,4.0,,,4.0,,
65137,SZKOŁA PODSTAWOWA W SUDRAGACH,2024,angielski,7.0,36.0,38.42857142857143,7.0,24.0,36.57142857142857,,,
121754,NIEPUBLICZNA SZKOŁA PODSTAWOWA IM. TADEUSZA KOŚCIUSZKI W GRĄBCU,2024,"polski, matematyka, angielski",3.0,,,3.0,,,3.0,,
109151,PUBLICZNA SZKOŁA PODSTAWOWA W CERANOWIE IM. LUDWIKA GÓRSKIEGO,2024,"polski, matematyka, angielski",1.0,,,1.0,,,1.0,,
59058,NIEPUBLICZNA SZKOŁA PODSTAWOWA W CZEKANOWIE,2024,"polski, matematyka, angielski",1.0,,,1.0,,,1.0,,
8901,NIEPUBLICZNA SZKOŁA PODSTAWOWA IM. ARMII KRAJOWEJ W NIECIECZY,2024,"polski, matematyka, angielski",2.0,,,2.0,,,2.0,,
70349,SZKOŁA PODSTAWOWA W GROCHOWIE,2024,"polski, matematyka, angielski",3.0,,,3.0,,,3.0,,
84199,SZKOŁA PODSTAWOWA IM. PŁK. DIONIZEGO CZACHOWSKIEGO Z ODDZIAŁEM PRZEDSZKOLNYM,2024,"polski, matematyka, angielski",3.0,,,3.0,,,3.0,,
30653,PUBLICZNA SZKOŁA PODSTAWOWA IM.KS.BONAWENTURY STACHURY W ZBIJOWIE MAŁYM,2024,"polski, matematyka, angielski",3.0,,,3.0,,,3.0,,
90079,PUBLICZNA SZKOŁA PODSTAWOWA IM. TADEUSZA KOŚCIUSZKI W CIEPŁEJ,2024,"polski, matematyka, angielski",4.0,,,4.0,,,4.0,,
128471,NIEPUBLICZNA SZKOŁA PODSTAWOWA,2024,"polski, matematyka, angielski",1.0,,,1.0,,,1.0,,
80253,"""WONDERFUL YEARS SCHOOL"" PRYWATNA SZKOŁA PODSTAWOWA",2024,"polski, matematyka, angielski",4.0,,,4.0,,,4.0,,
275570,SZKOŁA PODSTAWOWA BULLERBYN,2024,"polski, matematyka, angielski",3.0,,,3.0,,,3.0,,
129946,NIEPUBLICZNA INTEGRACYJNA SZKOŁA PODSTAWOWA IM. ACHILLESA RATTI,2024,"polski, matematyka, angielski",3.0,,,3.0,,,3.0,,
121724,MIĘDZYNARODOWA SZKOŁA MONTESSORI W WARSZAWIE,2024,"polski, matematyka, angielski",4.0,,,4.0,,,4.0,,
279315,SZKOŁA PODSTAWOWA KOSMOS,2024,"polski, matematyka, angielski",3.0,,,3.0,,,3.0,,
105662,SZKOŁA PODSTAWOWA SPECJALNA NR 244,2024,"polski, matematyka, angielski",1.0,,,1.0,,,1.0,,
264203,INTEGRACYJNA PODSTAWOWA SZKOŁA MONTESSORI WAWER,2024,"polski, matematyka, angielski",1.0,,,1.0,,,1.0,,
29950,SZKOŁA PODSTAWOWA NIEPUBLICZNA KOLEGIUM ŚW. STANISŁAWA KOSTKI,2024,"polski, matematyka",1.0,,,1.0,,,6.0,72.0,66.16666666666667
52998,POLSKO-NIEMIECKA SZKOŁA SPOTKAŃ I DIALOGU IM. WILLY'EGO BRANDTA W WARSZAWIE - SZKOŁA PODSTAWOWA,2024,angielski,7.0,89.0,87.71428571428571,7.0,60.0,58.285714285714285,2.0,,
272093,SZKOŁA PODSTAWOWA EDUVENTURA,2024,"polski, matematyka, angielski",2.0,,,2.0,,,2.0,,
25025,KATOLICKA SZKOŁA PODSTAWOWA NR 7 IM. KS. KARD. STEFANA WYSZYŃSKIEGO,2024,"polski, matematyka",4.0,,,4.0,,,5.0,95.0,94.2
114664,SZKOŁA PODSTAWOWA AKADEMIA DOBREJ EDUKACJI IM. GEN. JÓZEFA SOWIŃSKIEGO,2024,"polski, matematyka",3.0,,,3.0,,,8.0,82.5,79.0
478731,SZKOŁA PODSTAWOWA DOBRATU IM. TOSI KOZŁOWSKIEJ,2024,"polski, matematyka, angielski",4.0,,,4.0,,,4.0,,
278442,NIEPUBLICZNA SZKOŁA PODSTAWOWA FUNDACJI ADYS,2024,"polski, matematyka, angielski",3.0,,,3.0,,,3.0,,
131373,SZKOŁA PODSTAWOWA SIÓSTR RODZINY MARYI,2024,"polski, matematyka, angielski",3.0,,,3.0,,,4.0,,
479107,SZKOŁA PODSTAWOWA DLA DOROSŁYCH VIA POLONIA,2024,"polski, matematyka, angielski",1.0,,,1.0,,,1.0,,
13021,SZKOŁA PODSTAWOWA IM. MARII KONOPNICKIEJ W TURZYNIE,2024,"polski, matematyka, angielski",2.0,,,2.0,,,2.0,,
75458,SZKOŁA PODSTAWOWA IM. ŚW. STANISŁAWA KOSTKI W JACKOWIE GÓRNYM,2024,"polski, matematyka, angielski",4.0,,,4.0,,,4.0,,
75459,SZKOŁA PODSTAWOWA IM. POR. PIL. STEFANA OKRZEI,2024,"polski, matematyka, angielski",2.0,,,2.0,,,2.0,,
29894,SZKOŁA PODSTAWOWA IM. CICHOCIEMNYCH SPADOCHRONIARZY ARMII KRAJOWEJ W ŁOSINNIE,2024,"polski, matematyka, angielski",4.0,,,4.0,,,4.0,,
128240,POLSKO - ANGIELSKA SZKOŁA PODSTAWOWA AKADEMIA UCZNIA IM. KRÓLOWEJ ELŻBIETY II,2024,"polski, matematyka, angielski",3.0,,,3.0,,,3.0,,
119295,NIEPUBLICZNA SZKOŁA PODSTAWOWA W ORZEŁKU,2024,"polski, matematyka, angielski",2.0,,,2.0,,,2.0,,
82557,NIEPUBLICZNA SZKOŁA PODSTAWOWA W PRÓCHENKACH,2024,"polski, matematyka, angielski",3.0,,,3.0,,,3.0,,
82539,NIEPUBLICZNA SZKOŁA PODSTAWOWA IM. JANUSZA KORCZAKA W SZYDŁÓWCE,2024,angielski,5.0,56.0,60.6,5.0,68.0,70.4,3.0,,
7238,SZKOŁA PODSTAWOWA IM.J. SŁOWACKIEGO W GÓRKACH,2024,"polski, matematyka, angielski",4.0,,,4.0,,,4.0,,
22674,SZKOŁA PODSTAWOWA IM. BŁOGOSŁAWIONEJ KAROLINY KÓZKÓWNY W STARYCH SZPAKACH,2024,"polski, matematyka, angielski",3.0,,,3.0,,,3.0,,
111216,SAMORZĄDOWA SZKOŁA PODSTAWOWA W PRZERADZU MAŁYM,2024,"polski, matematyka, angielski",4.0,,,4.0,,,4.0,,
42790,SZKOŁA PODSTAWOWA IM. JANA PAWŁA II W ŁASZEWIE,2024,"polski, matematyka, angielski",2.0,,,2.0,,,2.0,,
8848,SZKOŁA PODSTAWOWA W BĘDZYMINIE,2024,"polski, matematyka, angielski",3.0,,,3.0,,,3.0,,
8850,SZKOŁA PODSTAWOWA W CHAMSKU,2024,"polski, matematyka, angielski",4.0,,,4.0,,,4.0,,
8849,SZKOŁA PODSTAWOWA W PONIATOWIE,2024,"polski, matematyka, angielski",3.0,,,3.0,,,3.0,,
8847,SZKOŁA PODSTAWOWA W RACZYNACH,2024,"polski, matematyka, angielski",4.0,,,4.0,,,4.0,,
8851,SZKOŁA PODSTAWOWA W KLICZEWIE DUŻYM,2024,"polski, matematyka, angielski",1.0,,,1.0,,,1.0,,
7705,PUBLICZNA SZKOŁA PODSTAWOWA IM. ARMII KRAJOWEJ W BOŻEM,2025,"polski, matematyka, angielski",4.0,,,4.0,,,4.0,,
9147,PUBLICZNA SZKOŁA PODSTAWOWA IM. TADEUSZA KOŚCIUSZKI W PODLESIU DUŻYM,2025,"polski, matematyka, angielski",2.0,,,2.0,,,2.0,,
24396,SZKOŁA PODSTAWOWA W CHOTUMIU,2025,"polski, matematyka, angielski",3.0,,,3.0,,,3.0,,
7966,NIEPUBLICZNA SZKOŁA PODSTAWOWA W GORYSZACH,2025,"polski, matematyka, angielski",1.0,,,1.0,,,1.0,,
12051,SZKOŁA PODSTAWOWA W WOLI MŁOCKIEJ,2025,"polski, matematyka, angielski",3.0,,,3.0,,,3.0,,
74367,SZKOŁA PODSTAWOWA SPECJALNA NR 2 W ZESPOLE SZKÓŁ SPECJALNYCH NR 2 W GARWOLINIE,2025,"polski, matematyka, angielski",1.0,,,1.0,,,1.0,,
264914,NIEPUBLICZNA SZKOŁA PODSTAWOWA Z ODDZIAŁAMI PRZYSPOSABIAJĄCYMI DO PRACY,2025,"polski, matematyka, angielski",1.0,,,1.0,,,1.0,,
9850,PUBLICZNA SZKOŁA PODSTAWOWA IM. MARII KOWNACKIEJ W ZWOLI,2025,"polski, matematyka, angielski",4.0,,,4.0,,,4.0,,
4121,PUBLICZNA SZKOŁA PODSTAWOWA,2025,"polski, matematyka, angielski",1.0,,,1.0,,,1.0,,
64774,PUBLICZNA SZKOŁA PODSTAWOWA W SOKOLE,2025,"polski, matematyka, angielski",3.0,,,3.0,,,3.0,,
278474,PUBLICZNA SZKOŁA PODSTAWOWA W KALENIU DRUGIM,2025,"polski, matematyka, angielski",4.0,,,4.0,,,4.0,,
30397,PUBLICZNA SZKOŁA PODSTAWOWA IM. ŚW. JANA PAWŁA II W ŻABIEŃCU,2025,"polski, matematyka, angielski",2.0,,,2.0,,,2.0,,
121810,SZKOŁA PODSTAWOWA IM. JANA PAWŁA II W BARANOWIE,2025,"polski, matematyka, angielski",4.0,,,4.0,,,4.0,,
129776,INTEGRACYJNA SZKOŁA MONTESSORI DRUGIE PIĘTRO,2025,"polski, matematyka, angielski",1.0,,,1.0,,,1.0,,
268509,TENISOWA SZKOŁA PODSTAWOWA,2025,"polski, matematyka, angielski",3.0,,,3.0,,,3.0,,
273509,NIEPUBLICZNA SZKOŁA PODSTAWOWA MOST,2025,"polski, matematyka, angielski",3.0,,,3.0,,,3.0,,
7605,SZKOŁA PODSTAWOWA IM. MARII KOWNACKIEJ W SKUŁACH,2025,"polski, matematyka",4.0,,,4.0,,,5.0,76.0,71.8
66479,PUBLICZNA SZKOŁA PODSTAWOWA IM. POETÓW POLSKICH W ZALESIU,2025,"polski, matematyka, angielski",2.0,,,2.0,,,2.0,,
66475,PUBLICZNA SZKOŁA PODSTAWOWA IM. MARII KONOPNICKIEJ W PIECZYSKACH,2025,"polski, matematyka, angielski",3.0,,,3.0,,,3.0,,
272999,NIEPUBLICZNA ZAOCZNA SZKOŁA PODSTAWOWA DLA DOROSŁYCH W GRÓJCU,2025,"polski, matematyka, angielski",3.0,,,3.0,,,,,
24340,PUBLICZNA SZKOŁA PODSTAWOWA W BOROWEM,2025,"polski, matematyka, angielski",3.0,,,3.0,,,3.0,,
89385,PUBLICZNA SZKOŁA PODSTAWOWA W MICHAŁOWICACH,2025,"polski, matematyka, angielski",4.0,,,4.0,,,4.0,,
17385,SZKOŁA PODSTAWOWA W CHMIELEWIE,2025,"polski, matematyka, angielski",3.0,,,3.0,,,3.0,,
71253,SZKOŁA PODSTAWOWA IM. TADEUSZA KOŚCIUSZKI W CYGANCE,2025,"polski, matematyka, angielski",4.0,,,4.0,,,4.0,,
479294,SZKOŁA PODSTAWOWA IM. BŁ.KARD.STEFANA WYSZYŃSKIEGO,2025,"polski, matematyka, angielski",2.0,,,2.0,,,2.0,,
121498,SZKOŁA FILIALNA W DĘBEM MAŁYM SZKOŁY PODSTAWOWEJ IM. RODZINY WYLEŻYŃSKICH W WIELGOLESIE,2025,"polski, matematyka, angielski",4.0,,,4.0,,,4.0,,
125097,SZKOŁA PODSTAWOWA NR 2 W OKRĘGOWYM OŚRODKU WYCHOWAWCZYM W MROZACH,2025,"polski, matematyka, angielski",4.0,,,4.0,,,4.0,,
119011,PRYWATNA SZKOŁA PODSTAWOWA IM. RODZINY MORACZEWSKICH,2025,"polski, matematyka, angielski",3.0,,,3.0,,,3.0,,
276102,PRYWATNA SZKOŁA PODSTAWOWA INSYGNIA,2025,"polski, matematyka, angielski",3.0,,,3.0,,,3.0,,
25707,SZKOŁA PODSTAWOWA W PROSZKOWIE,2025,"polski, matematyka, angielski",1.0,,,1.0,,,1.0,,
77599,ZESPÓŁ SZKOLNO-PRZEDSZKOLNY SZKOŁA PODSTAWOWA IM. GRUPY KAMPINOS AK W KALISZKACH,2025,"polski, matematyka",4.0,,,4.0,,,5.0,93.0,82.2
27288,SZKOŁA PODSTAWOWA W STAREJ RUSKOŁĘCE,2025,"polski, matematyka, angielski",3.0,,,3.0,,,3.0,,
91573,NIEPUBLICZNA SZKOŁA PODSTAWOWA W TRYNOSACH-OSIEDLE,2025,"polski, matematyka, angielski",1.0,,,1.0,,,1.0,,
107596,SZKOŁA PODSTAWOWA IM. ALEKSANDRA KOPCIA W ZAWADACH,2025,"polski, matematyka, angielski",4.0,,,4.0,,,4.0,,
72355,SZKOŁA PODSTAWOWA W OLSZEWCE,2025,"polski, matematyka, angielski",4.0,,,4.0,,,3.0,,
74080,PUBLICZNA SZKOŁA PODSTAWOWA W WYDMUSACH,2025,"polski, matematyka, angielski",3.0,,,3.0,,,3.0,,
74083,PUBLICZNA SZKOŁA PODSTAWOWA W ZALESIU,2025,"polski, matematyka, angielski",4.0,,,4.0,,,4.0,,
74078,PUBLICZNA SZKOŁA PODSTAWOWA W OLSZYNACH,2025,"polski, matematyka, angielski",4.0,,,4.0,,,4.0,,
119714,SZKOŁA PODSTAWOWA W BIAŁUSNYM LASKU,2025,"polski, matematyka, angielski",3.0,,,3.0,,,3.0,,
69176,SZKOŁA PODSTAWOWA W PRZYSTANI,2025,"polski, matematyka, angielski",2.0,,,2.0,,,2.0,,
124721,SZKOŁA PODSTAWOWA NR 2 W LASKOWCU,2025,angielski,6.0,15.5,20.666666666666668,6.0,25.0,21.666666666666668,4.0,,
62578,SZKOŁA PODSTAWOWA IM. KAROLA ADAMIECKIEGO W PUPKOWIŹNIE,2025,"polski, matematyka, angielski",2.0,,,2.0,,,2.0,,
128732,SZKOŁA PODSTAWOWA SIGIE IM. KAROLA ADAMIECKIEGO W WARMIAKU,2025,"polski, matematyka, angielski",1.0,,,1.0,,,1.0,,
128729,SZKOŁA PODSTAWOWA W WEJDZIE,2025,"polski, matematyka, angielski",1.0,,,1.0,,,1.0,,
262600,NIEZWYCZAJNA SZKOŁA. SPOŁECZNA SZKOŁA PODSTAWOWA SPECJALNA Z ODDZIAŁAMI PRZEDSZKOLNYMI W JÓZEFOWIE.,2025,"polski, matematyka, angielski",4.0,,,4.0,,,4.0,,
480220,SZKOŁA PODSTAWOWA SOKRATES,2025,"polski, matematyka, angielski",2.0,,,2.0,,,2.0,,
478547,AKADEMIA ŚW. STANISŁAWA PAPCZYŃSKIEGO - SZKOŁA PODSTAWOWA,2025,"polski, matematyka, angielski",4.0,,,4.0,,,4.0,,
123896,NIEPUBLICZNA SZKOŁA PODSTAWOWA DA VINCI,2025,"polski, matematyka, angielski",2.0,,,2.0,,,4.0,,
273522,NIEPUBLICZNA SZKOŁA PODSTAWOWA THAMES BRITISH SCHOOL,2025,"polski, matematyka, angielski",1.0,,,1.0,,,3.0,,
266088,NIEPUBLICZNA SZKOŁA PODSTAWOWA AZYL,2025,"polski, matematyka, angielski",2.0,,,2.0,,,2.0,,
4983,SZKOŁA PODSTAWOWA W ULATOWIE-ADAMACH,2025,"polski, matematyka, angielski",4.0,,,4.0,,,4.0,,
103949,SZKOŁA PODSTAWOWA W KŁUDNIE,2025,"polski, matematyka, angielski",3.0,,,3.0,,,3.0,,
480743,"NIEPUBLICZNA SZKOŁA PODSTAWOWA ""SZKOŁA DOKOŁA"" W PŁOCKU",2025,"polski, matematyka, angielski",1.0,,,1.0,,,1.0,,
88882,SZKOŁA PODSTAWOWA W ZAGROBIE,2025,"polski, matematyka, angielski",2.0,,,2.0,,,2.0,,
4663,SZKOŁA PODSTAWOWA IM. MARII KONOPNICKIEJ,2025,"polski, matematyka, angielski",2.0,,,2.0,,,2.0,,
91751,NIEPUBLICZNA SZKOŁA PODSTAWOWA W NOWYM KANIGOWIE,2025,"polski, matematyka, angielski",2.0,,,2.0,,,2.0,,
85554,SZKOŁA PODSTAWOWA IM. KORNELA MAKUSZYŃSKIEGO W BORKACH,2025,"polski, matematyka, angielski",4.0,,,4.0,,,4.0,,
85558,SZKOŁA PODSTAWOWA IM. MARII KOWNACKIEJ W NOWYM KAMIENIU,2025,"polski, matematyka, angielski",4.0,,,4.0,,,4.0,,
80611,SZKOŁA PODSTAWOWA W DZIERŻANOWIE,2025,"polski, matematyka, angielski",2.0,,,2.0,,,3.0,,
104690,NIEPUBLICZNA SZKOŁA PODSTAWOWA IM. MARSZAŁKA JÓZEFA PIŁSUDSKIEGO W ORSZYMOWIE,2025,"polski, matematyka, angielski",3.0,,,3.0,,,3.0,,
55958,SZKOŁA PODSTAWOWA IM. WŁADYSŁAWA JAGIEŁŁY W PIOTRKÓWKU,2025,"polski, matematyka, angielski",4.0,,,4.0,,,4.0,,
131791,SZKOŁA PODSTAWOWA PARTNER INTERNATIONAL PRIMARY SCHOOL Z ODDZIAŁAMI DWUJĘZYCZNYMI IM. MARII MONTESSORI,2025,"polski, matematyka, angielski",3.0,,,3.0,,,3.0,,
482560,SZKOŁA PODSTAWOWA SOKRATES,2025,"polski, matematyka, angielski",2.0,,,2.0,,,2.0,,
4866,SZKOŁA PODSTAWOWA IM. POR. JANA SKRZYSZEWSKIEGO W LESIOWIE,2025,"polski, matematyka, angielski",4.0,,,4.0,,,4.0,,
21345,SZKOŁA PODSTAWOWA W BARTODZIEJACH,2025,"polski, matematyka, angielski",2.0,,,2.0,,,1.0,,
273266,NIEPUBLICZNA SZKOŁA PODSTAWOWA MONTESSORI SCHOOL,2025,"polski, matematyka, angielski",2.0,,,2.0,,,2.0,,
107184,PUBLICZNA SZKOŁA PODSTAWOWA IM. MARII KONOPNICKIEJ W AUGUSTOWIE,2025,"polski, matematyka, angielski",4.0,,,4.0,,,4.0,,
4928,PUBLICZNA SZKOŁA PODSTAWOWA W ZALESICACH,2025,"polski, matematyka, angielski",4.0,,,4.0,,,4.0,,
478942,"NIEPUBLICZNA SZKOŁA PODSTAWOWA ""KOPERNIK""",2025,"polski, matematyka, angielski",4.0,,,4.0,,,4.0,,
21719,SZKOŁA PODSTAWOWA IM KS KAN KAZIMIERZA DYMITROWICZA W RADZIKOWIE WIELKIM,2025,"polski, matematyka, angielski",3.0,,,3.0,,,3.0,,
2970,NIEPUBLICZNA SZKOŁA PODSTAWOWA W GOŁĄBKU,2025,"polski, matematyka, angielski",3.0,,,3.0,,,3.0,,
34681,SZKOŁA PODSTAWOWA IM. MARSZAŁKA JÓZEFA PIŁSUDSKIEGO W KRZEŚLINIE,2025,"polski, matematyka, angielski",4.0,,,4.0,,,4.0,,
106930,NIEPUBLICZNA SZKOŁA PODSTAWOWA IM. KORNELA MAKUSZYŃSKIEGO W BORKACH-WYRKACH,2025,"polski, matematyka, angielski",2.0,,,2.0,,,2.0,,
65137,SZKOŁA PODSTAWOWA W SUDRAGACH,2025,angielski,13.0,38.0,43.76923076923077,13.0,17.0,20.23076923076923,3.0,,
59058,NIEPUBLICZNA SZKOŁA PODSTAWOWA W CZEKANOWIE,2025,"polski, matematyka, angielski",3.0,,,3.0,,,3.0,,
483376,PUBLICZNA SZKOŁA PODSTAWOWA W BUJAŁACH-MIKOSZACH,2025,"polski, matematyka, angielski",4.0,,,4.0,,,4.0,,
84204,SZKOŁA PODSTAWOWA IM. M. KONOPNICKIEJ Z ODDZIAŁEM PRZEDSZKOLNYM,2025,"polski, matematyka, angielski",3.0,,,3.0,,,3.0,,
128371,PUBLICZNA SZKOŁA PODSTAWOWA W NOWYM DWORZE,2025,"polski, matematyka, angielski",1.0,,,1.0,,,1.0,,
105688,SZKOŁA PODSTAWOWA SPECJALNA NR 167,2025,polski,4.0,,,5.0,13.0,14.4,5.0,35.0,49.6
31812,PRYWATNA SZKOŁA PODSTAWOWA NR 108 IM. MATKI BOSKIEJ NIEUSTAJĄCEJ POMOCY,2025,"polski, matematyka, angielski",4.0,,,4.0,,,4.0,,
129946,NIEPUBLICZNA INTEGRACYJNA SZKOŁA PODSTAWOWA IM. ACHILLESA RATTI,2025,"polski, matematyka, angielski",2.0,,,2.0,,,2.0,,
25033,INTERNATIONAL AMERICAN SCHOOL SP. Z O.O. AMERYKAŃSKA SZKOŁA PODSTAWOWA NIEPUBLICZNA NR 44,2025,"polski, matematyka",1.0,,,4.0,,,6.0,95.5,93.83333333333333
121724,MIĘDZYNARODOWA SZKOŁA MONTESSORI W WARSZAWIE,2025,"polski, matematyka, angielski",2.0,,,2.0,,,2.0,,
279315,SZKOŁA PODSTAWOWA KOSMOS,2025,"polski, matematyka, angielski",1.0,,,1.0,,,1.0,,
105302,SZKOŁA PODSTAWOWA SPECJALNA NR 349 W MŁODZIEŻOWYM OŚRODKU SOCJOTERAPII NR 8,2025,"polski, matematyka, angielski",4.0,,,4.0,,,4.0,,
264203,INTEGRACYJNA PODSTAWOWA SZKOŁA MONTESSORI WAWER,2025,"polski, matematyka, angielski",1.0,,,1.0,,,1.0,,
31707,"SZKOŁA PODSTAWOWA NIEPUBLICZNA NR 90 ""SZKOŁA RODZINNA""",2025,"polski, matematyka",4.0,,,4.0,,,5.0,71.0,76.0
29950,SZKOŁA PODSTAWOWA NIEPUBLICZNA KOLEGIUM ŚW. STANISŁAWA KOSTKI,2025,"polski, matematyka, angielski",1.0,,,1.0,,,1.0,,
53027,INTEGRACYJNA PODSTAWOWA SZKOŁA MONTESSORI ELIPSOIDA,2025,"polski, matematyka, angielski",2.0,,,2.0,,,2.0,,
114664,SZKOŁA PODSTAWOWA AKADEMIA DOBREJ EDUKACJI IM. GEN. JÓZEFA SOWIŃSKIEGO,2025,"polski, matematyka",4.0,,,4.0,,,11.0,87.0,81.18181818181819
478731,SZKOŁA PODSTAWOWA DOBRATU IM. TOSI KOZŁOWSKIEJ,2025,"polski, matematyka, angielski",3.0,,,3.0,,,3.0,,
278442,NIEPUBLICZNA SZKOŁA PODSTAWOWA FUNDACJI ADYS,2025,"polski, matematyka, angielski",3.0,,,3.0,,,3.0,,
13697,"NIEPUBLICZNA SZKOŁA PODSTAWOWA ""MOJA SZKOŁA"" IM. WANDY CHOTOMSKIEJ",2025,"polski, matematyka, angielski",3.0,,,3.0,,,3.0,,
127702,SŁONECZNA SZKOŁA PODSTAWOWA,2025,"polski, matematyka, angielski",3.0,,,3.0,,,3.0,,
55342,SZKOŁA PODSTAWOWA W MIĘDZYLESIU,2025,"polski, matematyka, angielski",4.0,,,4.0,,,4.0,,
13020,SZKOŁA PODSTAWOWA IM. PAPIEŻA JANA PAWŁA II W NOWYCH BUDACH,2025,"polski, matematyka, angielski",3.0,,,3.0,,,3.0,,
89967,"SZKOŁA PODSTAWOWA IM. BOHATERÓW LEŚNEJ PLACÓWKI AK ""MROWISKO"" W KNUROWCU",2025,"polski, matematyka, angielski",3.0,,,3.0,,,3.0,,
123985,"SZKOŁA PODSTAWOWA IM. HM. PPOR. AK ""ZOŚKI"" T. ZAWADZKIEGO W SIECZYCHACH",2025,"polski, matematyka, angielski",4.0,,,4.0,,,4.0,,
4534,SZKOŁA PODSTAWOWA IM. JANA PAWŁA II W BIELINIE,2025,"polski, matematyka, angielski",4.0,,,4.0,,,4.0,,
87532,SAMORZĄDOWA SZKOŁA PODSTAWOWA IM KORNELA MAKUSZYŃSKIEGO W WYSZKOWIE,2025,"polski, matematyka, angielski",4.0,,,4.0,,,4.0,,
119295,NIEPUBLICZNA SZKOŁA PODSTAWOWA W ORZEŁKU,2025,"polski, matematyka, angielski",1.0,,,1.0,,,1.0,,
126772,SZKOŁA PODSTAWOWA SPECJALNA W JAWORKU,2025,"polski, matematyka, angielski",3.0,,,3.0,,,3.0,,
82539,NIEPUBLICZNA SZKOŁA PODSTAWOWA IM. JANUSZA KORCZAKA W SZYDŁÓWCE,2025,"polski, matematyka, angielski",4.0,,,4.0,,,4.0,,
22762,SZKOŁA PODSTAWOWA IM. MARII KONOPNICKIEJ W KOBYLANACH,2025,"polski, matematyka, angielski",4.0,,,4.0,,,4.0,,
111216,SAMORZĄDOWA SZKOŁA PODSTAWOWA IM. JANUSZA KORCZAKA W PRZERADZU MAŁYM,2025,"polski, matematyka, angielski",4.0,,,4.0,,,4.0,,
8851,SZKOŁA PODSTAWOWA W KLICZEWIE DUŻYM,2025,"polski, matematyka, angielski",3.0,,,3.0,,,3.0,,
124924,SZKOŁA PODSTAWOWA W OKRĘGOWYM OŚRODKU WYCHOWAWCZYM W STUDZIEŃCU,2025,"polski, matematyka, angielski",4.0,,,4.0,,,4.0,,
